"iso3c","date","value"
"ABW",2000,91.7
"ABW",2001,100
"ABW",2002,100
"ABW",2003,100
"ABW",2004,100
"ABW",2005,100
"ABW",2006,100
"ABW",2007,100
"ABW",2008,100
"ABW",2009,100
"ABW",2010,93.4
"ABW",2011,100
"ABW",2012,100
"ABW",2013,100
"ABW",2014,100
"ABW",2015,100
"ABW",2016,100
"ABW",2017,100
"ABW",2018,100
"ABW",2019,100
"ABW",2020,100
"ABW",2021,100
"AFG",2000,4.4
"AFG",2001,9.3
"AFG",2002,14.1
"AFG",2003,19
"AFG",2004,23.8
"AFG",2005,28.7
"AFG",2006,33.5
"AFG",2007,38.4
"AFG",2008,42.4
"AFG",2009,48.3
"AFG",2010,42.7
"AFG",2011,43.2
"AFG",2012,69.1
"AFG",2013,68
"AFG",2014,89.5
"AFG",2015,71.5
"AFG",2016,97.7
"AFG",2017,97.7
"AFG",2018,93.4
"AFG",2019,97.7
"AFG",2020,97.7
"AFG",2021,97.7
"AGO",2000,24.2
"AGO",2001,20
"AGO",2002,26.3
"AGO",2003,27.4
"AGO",2004,28.4
"AGO",2005,29.4
"AGO",2006,30.5
"AGO",2007,37.5
"AGO",2008,38.5
"AGO",2009,33.8
"AGO",2010,35
"AGO",2011,34.6
"AGO",2012,37.3
"AGO",2013,38.4
"AGO",2014,32
"AGO",2015,42
"AGO",2016,41.8
"AGO",2017,42.9
"AGO",2018,45.3
"AGO",2019,45.6
"AGO",2020,47
"AGO",2021,48.2
"ALB",2000,99.4
"ALB",2001,99.4
"ALB",2002,99.4
"ALB",2003,99.4
"ALB",2004,99.4
"ALB",2005,99.4
"ALB",2006,99.4
"ALB",2007,99.4
"ALB",2008,100
"ALB",2009,99.6
"ALB",2010,99.6
"ALB",2011,99.7
"ALB",2012,99.9
"ALB",2013,99.9
"ALB",2014,100
"ALB",2015,100
"ALB",2016,99.9
"ALB",2017,99.9
"ALB",2018,100
"ALB",2019,100
"ALB",2020,100
"ALB",2021,100
"AND",2000,100
"AND",2001,100
"AND",2002,100
"AND",2003,100
"AND",2004,100
"AND",2005,100
"AND",2006,100
"AND",2007,100
"AND",2008,100
"AND",2009,100
"AND",2010,100
"AND",2011,100
"AND",2012,100
"AND",2013,100
"AND",2014,100
"AND",2015,100
"AND",2016,100
"AND",2017,100
"AND",2018,100
"AND",2019,100
"AND",2020,100
"AND",2021,100
"ARE",2000,100
"ARE",2001,100
"ARE",2002,100
"ARE",2003,100
"ARE",2004,100
"ARE",2005,100
"ARE",2006,100
"ARE",2007,100
"ARE",2008,100
"ARE",2009,100
"ARE",2010,100
"ARE",2011,100
"ARE",2012,100
"ARE",2013,100
"ARE",2014,100
"ARE",2015,100
"ARE",2016,100
"ARE",2017,100
"ARE",2018,100
"ARE",2019,100
"ARE",2020,100
"ARE",2021,100
"ARG",2000,95.7
"ARG",2001,95.5
"ARG",2002,96.1
"ARG",2003,96.3
"ARG",2004,96.5
"ARG",2005,96.7
"ARG",2006,97
"ARG",2007,97.2
"ARG",2008,97.5
"ARG",2009,97.8
"ARG",2010,98.8
"ARG",2011,99
"ARG",2012,99.1
"ARG",2013,99.3
"ARG",2014,100
"ARG",2015,99.7
"ARG",2016,99.9
"ARG",2017,100
"ARG",2018,100
"ARG",2019,100
"ARG",2020,100
"ARG",2021,100
"ARM",2000,98.9
"ARM",2001,100
"ARM",2002,98
"ARM",2003,99.1
"ARM",2004,99.1
"ARM",2005,99.8
"ARM",2006,99.1
"ARM",2007,99.2
"ARM",2008,99.2
"ARM",2009,99.3
"ARM",2010,99.8
"ARM",2011,99.5
"ARM",2012,99.5
"ARM",2013,99.4
"ARM",2014,99.7
"ARM",2015,100
"ARM",2016,99.8
"ARM",2017,99.7
"ARM",2018,99.9
"ARM",2019,100
"ARM",2020,100
"ARM",2021,100
"ATG",2000,97.7
"ATG",2001,97.7
"ATG",2002,100
"ATG",2003,97.9
"ATG",2004,97.9
"ATG",2005,92.2
"ATG",2006,100
"ATG",2007,100
"ATG",2008,100
"ATG",2009,98.5
"ATG",2010,98.7
"ATG",2011,94.6
"ATG",2012,100
"ATG",2013,100
"ATG",2014,100
"ATG",2015,100
"ATG",2016,100
"ATG",2017,100
"ATG",2018,100
"ATG",2019,100
"ATG",2020,100
"ATG",2021,100
"AUS",2000,100
"AUS",2001,100
"AUS",2002,100
"AUS",2003,100
"AUS",2004,100
"AUS",2005,100
"AUS",2006,100
"AUS",2007,100
"AUS",2008,100
"AUS",2009,100
"AUS",2010,100
"AUS",2011,100
"AUS",2012,100
"AUS",2013,100
"AUS",2014,100
"AUS",2015,100
"AUS",2016,100
"AUS",2017,100
"AUS",2018,100
"AUS",2019,100
"AUS",2020,100
"AUS",2021,100
"AUT",2000,100
"AUT",2001,100
"AUT",2002,100
"AUT",2003,100
"AUT",2004,100
"AUT",2005,100
"AUT",2006,100
"AUT",2007,100
"AUT",2008,100
"AUT",2009,100
"AUT",2010,100
"AUT",2011,100
"AUT",2012,100
"AUT",2013,100
"AUT",2014,100
"AUT",2015,100
"AUT",2016,100
"AUT",2017,100
"AUT",2018,100
"AUT",2019,100
"AUT",2020,100
"AUT",2021,100
"AZE",2000,98.9
"AZE",2001,98.6
"AZE",2002,100
"AZE",2003,98.8
"AZE",2004,99
"AZE",2005,99.1
"AZE",2006,99.5
"AZE",2007,99.5
"AZE",2008,99.7
"AZE",2009,99.9
"AZE",2010,99.9
"AZE",2011,99.9
"AZE",2012,100
"AZE",2013,100
"AZE",2014,100
"AZE",2015,100
"AZE",2016,100
"AZE",2017,100
"AZE",2018,100
"AZE",2019,100
"AZE",2020,100
"AZE",2021,100
"BDI",2000,2.5
"BDI",2001,2.8
"BDI",2002,3.1
"BDI",2003,3.4
"BDI",2004,3.7
"BDI",2005,3.2
"BDI",2006,2.7
"BDI",2007,4.7
"BDI",2008,4.8
"BDI",2009,5.4
"BDI",2010,5.3
"BDI",2011,6.2
"BDI",2012,6.5
"BDI",2013,6.9
"BDI",2014,7
"BDI",2015,7.9
"BDI",2016,8.5
"BDI",2017,9.3
"BDI",2018,9.5
"BDI",2019,9.8
"BDI",2020,9.1
"BDI",2021,10.2
"BEL",2000,100
"BEL",2001,100
"BEL",2002,100
"BEL",2003,100
"BEL",2004,100
"BEL",2005,100
"BEL",2006,100
"BEL",2007,100
"BEL",2008,100
"BEL",2009,100
"BEL",2010,100
"BEL",2011,100
"BEL",2012,100
"BEL",2013,100
"BEL",2014,100
"BEL",2015,100
"BEL",2016,100
"BEL",2017,100
"BEL",2018,100
"BEL",2019,100
"BEL",2020,100
"BEL",2021,100
"BEN",2000,21.5
"BEN",2001,21.9
"BEN",2002,23.4
"BEN",2003,24.3
"BEN",2004,25.2
"BEN",2005,26.1
"BEN",2006,27.9
"BEN",2007,28
"BEN",2008,29
"BEN",2009,30
"BEN",2010,34.2
"BEN",2011,36.9
"BEN",2012,38.4
"BEN",2013,34.7
"BEN",2014,34.1
"BEN",2015,29.6
"BEN",2016,37
"BEN",2017,34.5
"BEN",2018,39
"BEN",2019,40
"BEN",2020,41
"BEN",2021,42
"BFA",2000,9.1
"BFA",2001,9.5
"BFA",2002,9.9
"BFA",2003,11.4
"BFA",2004,10.7
"BFA",2005,11.1
"BFA",2006,11.6
"BFA",2007,12
"BFA",2008,12.5
"BFA",2009,12.6
"BFA",2010,13.1
"BFA",2011,14.8
"BFA",2012,15.1
"BFA",2013,15.4
"BFA",2014,19.2
"BFA",2015,16.2
"BFA",2016,16.6
"BFA",2017,17
"BFA",2018,14.4
"BFA",2019,17.6
"BFA",2020,18.5
"BFA",2021,19
"BGD",2000,32
"BGD",2001,35
"BGD",2002,37.8
"BGD",2003,40.5
"BGD",2004,40.6
"BGD",2005,44.2
"BGD",2006,50.5
"BGD",2007,46.5
"BGD",2008,54.3
"BGD",2009,57.1
"BGD",2010,55.3
"BGD",2011,59.6
"BGD",2012,65.5
"BGD",2013,61.5
"BGD",2014,62.4
"BGD",2015,74
"BGD",2016,75.9
"BGD",2017,88
"BGD",2018,86.9
"BGD",2019,92.2
"BGD",2020,96.2
"BGD",2021,99
"BGR",2000,88.1
"BGR",2001,88.6
"BGR",2002,89.1
"BGR",2003,89.6
"BGR",2004,90.1
"BGR",2005,90.6
"BGR",2006,91.2
"BGR",2007,91.7
"BGR",2008,92.3
"BGR",2009,92.9
"BGR",2010,93.5
"BGR",2011,94.1
"BGR",2012,94.7
"BGR",2013,95.3
"BGR",2014,95.9
"BGR",2015,96.6
"BGR",2016,97.3
"BGR",2017,98.1
"BGR",2018,98.7
"BGR",2019,99.2
"BGR",2020,99.7
"BGR",2021,99.8
"BHR",2000,100
"BHR",2001,100
"BHR",2002,100
"BHR",2003,100
"BHR",2004,100
"BHR",2005,100
"BHR",2006,100
"BHR",2007,100
"BHR",2008,100
"BHR",2009,100
"BHR",2010,100
"BHR",2011,100
"BHR",2012,100
"BHR",2013,100
"BHR",2014,100
"BHR",2015,100
"BHR",2016,100
"BHR",2017,100
"BHR",2018,100
"BHR",2019,100
"BHR",2020,100
"BHR",2021,100
"BHS",2000,100
"BHS",2001,100
"BHS",2002,100
"BHS",2003,100
"BHS",2004,100
"BHS",2005,100
"BHS",2006,100
"BHS",2007,100
"BHS",2008,100
"BHS",2009,100
"BHS",2010,100
"BHS",2011,100
"BHS",2012,100
"BHS",2013,100
"BHS",2014,100
"BHS",2015,100
"BHS",2016,100
"BHS",2017,100
"BHS",2018,100
"BHS",2019,100
"BHS",2020,100
"BHS",2021,100
"BIH",2000,99
"BIH",2001,99.4
"BIH",2002,98.5
"BIH",2003,99
"BIH",2004,99.1
"BIH",2005,99.1
"BIH",2006,99.4
"BIH",2007,99.7
"BIH",2008,99.3
"BIH",2009,99.4
"BIH",2010,99.5
"BIH",2011,99.7
"BIH",2012,99.7
"BIH",2013,99.5
"BIH",2014,99.9
"BIH",2015,99.7
"BIH",2016,100
"BIH",2017,100
"BIH",2018,100
"BIH",2019,100
"BIH",2020,100
"BIH",2021,100
"BLR",2000,89
"BLR",2001,89.5
"BLR",2002,90
"BLR",2003,90.5
"BLR",2004,91
"BLR",2005,91.5
"BLR",2006,92.1
"BLR",2007,92.6
"BLR",2008,93.2
"BLR",2009,93.8
"BLR",2010,94.4
"BLR",2011,95
"BLR",2012,95.6
"BLR",2013,96.2
"BLR",2014,96.8
"BLR",2015,97.4
"BLR",2016,98
"BLR",2017,98.7
"BLR",2018,99.3
"BLR",2019,100
"BLR",2020,100
"BLR",2021,100
"BLZ",2000,79
"BLZ",2001,80.2
"BLZ",2002,81
"BLZ",2003,81.8
"BLZ",2004,82.6
"BLZ",2005,83.5
"BLZ",2006,91
"BLZ",2007,85.2
"BLZ",2008,86.1
"BLZ",2009,86.9
"BLZ",2010,89.9
"BLZ",2011,91.7
"BLZ",2012,90.9
"BLZ",2013,91.1
"BLZ",2014,91.5
"BLZ",2015,91.8
"BLZ",2016,93.3
"BLZ",2017,94.2
"BLZ",2018,91.7
"BLZ",2019,92.7
"BLZ",2020,96.8
"BLZ",2021,97.7
"BMU",2000,100
"BMU",2001,100
"BMU",2002,100
"BMU",2003,100
"BMU",2004,100
"BMU",2005,100
"BMU",2006,100
"BMU",2007,100
"BMU",2008,100
"BMU",2009,100
"BMU",2010,100
"BMU",2011,100
"BMU",2012,100
"BMU",2013,100
"BMU",2014,100
"BMU",2015,100
"BMU",2016,100
"BMU",2017,100
"BMU",2018,100
"BMU",2019,100
"BMU",2020,100
"BMU",2021,100
"BOL",2000,70
"BOL",2001,69.3
"BOL",2002,64
"BOL",2003,72.3
"BOL",2004,75.9
"BOL",2005,68.3
"BOL",2006,76.2
"BOL",2007,80.2
"BOL",2008,84.7
"BOL",2009,86.8
"BOL",2010,88
"BOL",2011,88.3
"BOL",2012,90.4
"BOL",2013,89.5
"BOL",2014,90
"BOL",2015,91.5
"BOL",2016,91.8
"BOL",2017,91.8
"BOL",2018,92.8
"BOL",2019,95.1
"BOL",2020,97.2
"BOL",2021,98.6
"BRA",2000,94.4
"BRA",2001,96
"BRA",2002,96.7
"BRA",2003,97
"BRA",2004,96.8
"BRA",2005,97.1
"BRA",2006,97.6
"BRA",2007,98.1
"BRA",2008,98.5
"BRA",2009,98.9
"BRA",2010,98.6
"BRA",2011,99.3
"BRA",2012,99.5
"BRA",2013,99.6
"BRA",2014,99.7
"BRA",2015,99.7
"BRA",2016,99.7
"BRA",2017,99.8
"BRA",2018,99.7
"BRA",2019,99.8
"BRA",2020,99.7
"BRA",2021,99.5
"BRB",2000,100
"BRB",2001,100
"BRB",2002,100
"BRB",2003,100
"BRB",2004,99.9
"BRB",2005,99.9
"BRB",2006,100
"BRB",2007,100
"BRB",2008,100
"BRB",2009,100
"BRB",2010,100
"BRB",2011,100
"BRB",2012,100
"BRB",2013,100
"BRB",2014,100
"BRB",2015,100
"BRB",2016,100
"BRB",2017,100
"BRB",2018,100
"BRB",2019,100
"BRB",2020,100
"BRB",2021,100
"BRN",2000,100
"BRN",2001,100
"BRN",2002,100
"BRN",2003,100
"BRN",2004,100
"BRN",2005,100
"BRN",2006,100
"BRN",2007,100
"BRN",2008,100
"BRN",2009,100
"BRN",2010,100
"BRN",2011,100
"BRN",2012,100
"BRN",2013,100
"BRN",2014,100
"BRN",2015,100
"BRN",2016,100
"BRN",2017,100
"BRN",2018,100
"BRN",2019,100
"BRN",2020,100
"BRN",2021,100
"BTN",2000,31.1
"BTN",2001,40.2
"BTN",2002,44.1
"BTN",2003,41.1
"BTN",2004,51.9
"BTN",2005,59.8
"BTN",2006,59.7
"BTN",2007,71.8
"BTN",2008,67.6
"BTN",2009,71.5
"BTN",2010,73.3
"BTN",2011,81.8
"BTN",2012,91.5
"BTN",2013,87.4
"BTN",2014,91.4
"BTN",2015,95.4
"BTN",2016,99.3
"BTN",2017,97.7
"BTN",2018,100
"BTN",2019,100
"BTN",2020,100
"BTN",2021,100
"BWA",2000,26.5
"BWA",2001,24.8
"BWA",2002,27
"BWA",2003,33.1
"BWA",2004,35.3
"BWA",2005,37.5
"BWA",2006,39.7
"BWA",2007,41.9
"BWA",2008,44.5
"BWA",2009,43.4
"BWA",2010,52
"BWA",2011,53.2
"BWA",2012,56
"BWA",2013,58
"BWA",2014,60
"BWA",2015,62.1
"BWA",2016,64.2
"BWA",2017,67.4
"BWA",2018,68.3
"BWA",2019,70.1
"BWA",2020,71.8
"BWA",2021,73.7
"CAF",2000,6
"CAF",2001,5.7
"CAF",2002,6.1
"CAF",2003,6.6
"CAF",2004,7
"CAF",2005,7.4
"CAF",2006,7.8
"CAF",2007,8.4
"CAF",2008,7.5
"CAF",2009,9.4
"CAF",2010,9.8
"CAF",2011,10.4
"CAF",2012,11
"CAF",2013,11.5
"CAF",2014,12
"CAF",2015,12.7
"CAF",2016,13.4
"CAF",2017,14.1
"CAF",2018,14.6
"CAF",2019,14.3
"CAF",2020,15.4
"CAF",2021,15.7
"CAN",2000,100
"CAN",2001,100
"CAN",2002,100
"CAN",2003,100
"CAN",2004,100
"CAN",2005,100
"CAN",2006,100
"CAN",2007,100
"CAN",2008,100
"CAN",2009,100
"CAN",2010,100
"CAN",2011,100
"CAN",2012,100
"CAN",2013,100
"CAN",2014,100
"CAN",2015,100
"CAN",2016,100
"CAN",2017,100
"CAN",2018,100
"CAN",2019,100
"CAN",2020,100
"CAN",2021,100
"CHE",2000,100
"CHE",2001,100
"CHE",2002,100
"CHE",2003,100
"CHE",2004,100
"CHE",2005,100
"CHE",2006,100
"CHE",2007,100
"CHE",2008,100
"CHE",2009,100
"CHE",2010,100
"CHE",2011,100
"CHE",2012,100
"CHE",2013,100
"CHE",2014,100
"CHE",2015,100
"CHE",2016,100
"CHE",2017,100
"CHE",2018,100
"CHE",2019,100
"CHE",2020,100
"CHE",2021,100
"CHI",2000,100
"CHI",2001,100
"CHI",2002,100
"CHI",2003,100
"CHI",2004,100
"CHI",2005,100
"CHI",2006,100
"CHI",2007,100
"CHI",2008,100
"CHI",2009,100
"CHI",2010,100
"CHI",2011,100
"CHI",2012,100
"CHI",2013,100
"CHI",2014,100
"CHI",2015,100
"CHI",2016,100
"CHI",2017,100
"CHI",2018,100
"CHI",2019,100
"CHI",2020,100
"CHI",2021,100
"CHL",2000,97.9
"CHL",2001,97.1
"CHL",2002,97.3
"CHL",2003,98.8
"CHL",2004,97.5
"CHL",2005,97.7
"CHL",2006,99.4
"CHL",2007,98
"CHL",2008,98.2
"CHL",2009,99.6
"CHL",2010,99.5
"CHL",2011,99.6
"CHL",2012,100
"CHL",2013,99.6
"CHL",2014,100
"CHL",2015,99.7
"CHL",2016,100
"CHL",2017,99.7
"CHL",2018,100
"CHL",2019,100
"CHL",2020,100
"CHL",2021,100
"CHN",2000,96.7
"CHN",2001,97
"CHN",2002,97.2
"CHN",2003,97.4
"CHN",2004,97.7
"CHN",2005,97.9
"CHN",2006,98.2
"CHN",2007,98.5
"CHN",2008,98.8
"CHN",2009,99.1
"CHN",2010,99.7
"CHN",2011,99.9
"CHN",2012,99.9
"CHN",2013,100
"CHN",2014,100
"CHN",2015,100
"CHN",2016,100
"CHN",2017,100
"CHN",2018,100
"CHN",2019,100
"CHN",2020,100
"CHN",2021,100
"CIV",2000,48.7
"CIV",2001,49.7
"CIV",2002,51.4
"CIV",2003,51.5
"CIV",2004,52.4
"CIV",2005,58.9
"CIV",2006,60.2
"CIV",2007,55.3
"CIV",2008,60.3
"CIV",2009,57.3
"CIV",2010,58.4
"CIV",2011,55.8
"CIV",2012,55.8
"CIV",2013,61.5
"CIV",2014,61.9
"CIV",2015,62.6
"CIV",2016,64.3
"CIV",2017,65.6
"CIV",2018,67.1
"CIV",2019,68.6
"CIV",2020,69.9
"CIV",2021,71.1
"CMR",2000,41
"CMR",2001,46.2
"CMR",2002,44
"CMR",2003,45.1
"CMR",2004,47.1
"CMR",2005,47.2
"CMR",2006,49
"CMR",2007,48.2
"CMR",2008,50.6
"CMR",2009,51.7
"CMR",2010,52.8
"CMR",2011,53.7
"CMR",2012,55.2
"CMR",2013,56.3
"CMR",2014,56.8
"CMR",2015,58.6
"CMR",2016,59.8
"CMR",2017,60.9
"CMR",2018,62.2
"CMR",2019,63.2
"CMR",2020,64.3
"CMR",2021,65.4
"COD",2000,6.7
"COD",2001,7.1
"COD",2002,7.7
"COD",2003,8.3
"COD",2004,9
"COD",2005,6
"COD",2006,10.2
"COD",2007,15.2
"COD",2008,11.6
"COD",2009,12.3
"COD",2010,13
"COD",2011,13.7
"COD",2012,15.4
"COD",2013,15.2
"COD",2014,13.5
"COD",2015,16.6
"COD",2016,17.3
"COD",2017,18
"COD",2018,18.7
"COD",2019,19.1
"COD",2020,20.1
"COD",2021,20.8
"COG",2000,29.4
"COG",2001,30.3
"COG",2002,31.2
"COG",2003,32.1
"COG",2004,33
"COG",2005,33.8
"COG",2006,34.9
"COG",2007,35.8
"COG",2008,36.8
"COG",2009,37.1
"COG",2010,40
"COG",2011,40.8
"COG",2012,41.6
"COG",2013,42.5
"COG",2014,43.4
"COG",2015,44.3
"COG",2016,45.3
"COG",2017,46.2
"COG",2018,47
"COG",2019,47.7
"COG",2020,48.7
"COG",2021,49.7
"COL",2000,95.2
"COL",2001,98.5
"COL",2002,94.9
"COL",2003,95.1
"COL",2004,95.3
"COL",2005,96.8
"COL",2006,95.7
"COL",2007,96
"COL",2008,96.8
"COL",2009,96.1
"COL",2010,96.8
"COL",2011,96.7
"COL",2012,97
"COL",2013,97.8
"COL",2014,97.8
"COL",2015,98.2
"COL",2016,98.4
"COL",2017,98.5
"COL",2018,98.5
"COL",2019,99.4
"COL",2020,99.7
"COL",2021,100
"COM",2000,39.8
"COM",2001,42
"COM",2002,44.8
"COM",2003,46.5
"COM",2004,48.7
"COM",2005,51
"COM",2006,53.2
"COM",2007,55.5
"COM",2008,57.8
"COM",2009,60.1
"COM",2010,69.7
"COM",2011,69.3
"COM",2012,69.3
"COM",2013,69.4
"COM",2014,71.8
"COM",2015,74.1
"COM",2016,76.4
"COM",2017,78.7
"COM",2018,81
"COM",2019,83.3
"COM",2020,85.6
"COM",2021,87.9
"CPV",2000,58.6
"CPV",2001,60.3
"CPV",2002,58.6
"CPV",2003,63.7
"CPV",2004,65.4
"CPV",2005,67
"CPV",2006,68.8
"CPV",2007,70.5
"CPV",2008,72.3
"CPV",2009,74.1
"CPV",2010,81.1
"CPV",2011,82.3
"CPV",2012,83.2
"CPV",2013,84.3
"CPV",2014,85.3
"CPV",2015,86.4
"CPV",2016,87.5
"CPV",2017,88.6
"CPV",2018,90.2
"CPV",2019,91.4
"CPV",2020,93.7
"CPV",2021,95.5
"CRI",2000,96.9
"CRI",2001,98.2
"CRI",2002,98.5
"CRI",2003,98.7
"CRI",2004,99
"CRI",2005,99.1
"CRI",2006,99.1
"CRI",2007,99.2
"CRI",2008,99.3
"CRI",2009,99.4
"CRI",2010,99
"CRI",2011,99.2
"CRI",2012,99.5
"CRI",2013,99.6
"CRI",2014,99.4
"CRI",2015,99.4
"CRI",2016,99.5
"CRI",2017,99.6
"CRI",2018,99.7
"CRI",2019,99.7
"CRI",2020,99.9
"CRI",2021,100
"CUB",2000,97
"CUB",2001,96.2
"CUB",2002,95.5
"CUB",2003,96.5
"CUB",2004,96.6
"CUB",2005,96.8
"CUB",2006,96.9
"CUB",2007,97.1
"CUB",2008,97.3
"CUB",2009,97.6
"CUB",2010,97.8
"CUB",2011,98
"CUB",2012,98.3
"CUB",2013,98.5
"CUB",2014,98.7
"CUB",2015,99
"CUB",2016,99.2
"CUB",2017,99.4
"CUB",2018,99.6
"CUB",2019,99.8
"CUB",2020,99.9
"CUB",2021,100
"CUW",2000,100
"CUW",2001,99.9
"CUW",2002,99.9
"CUW",2003,99.8
"CUW",2004,99.8
"CUW",2005,99.7
"CUW",2006,99.7
"CUW",2007,99.7
"CUW",2008,99.7
"CUW",2009,99.7
"CUW",2010,100
"CUW",2011,100
"CUW",2012,100
"CUW",2013,100
"CUW",2014,100
"CUW",2015,100
"CUW",2016,100
"CUW",2017,100
"CUW",2018,100
"CUW",2019,100
"CUW",2020,100
"CUW",2021,100
"CYM",2000,100
"CYM",2001,100
"CYM",2002,100
"CYM",2003,100
"CYM",2004,100
"CYM",2005,100
"CYM",2006,100
"CYM",2007,100
"CYM",2008,100
"CYM",2009,100
"CYM",2010,100
"CYM",2011,100
"CYM",2012,100
"CYM",2013,100
"CYM",2014,100
"CYM",2015,100
"CYM",2016,100
"CYM",2017,100
"CYM",2018,100
"CYM",2019,100
"CYM",2020,100
"CYM",2021,100
"CYP",2000,100
"CYP",2001,100
"CYP",2002,100
"CYP",2003,100
"CYP",2004,100
"CYP",2005,100
"CYP",2006,100
"CYP",2007,100
"CYP",2008,100
"CYP",2009,100
"CYP",2010,100
"CYP",2011,100
"CYP",2012,100
"CYP",2013,100
"CYP",2014,100
"CYP",2015,100
"CYP",2016,100
"CYP",2017,100
"CYP",2018,100
"CYP",2019,100
"CYP",2020,100
"CYP",2021,100
"CZE",2000,100
"CZE",2001,100
"CZE",2002,100
"CZE",2003,100
"CZE",2004,100
"CZE",2005,100
"CZE",2006,100
"CZE",2007,100
"CZE",2008,100
"CZE",2009,100
"CZE",2010,100
"CZE",2011,100
"CZE",2012,100
"CZE",2013,100
"CZE",2014,100
"CZE",2015,100
"CZE",2016,100
"CZE",2017,100
"CZE",2018,100
"CZE",2019,100
"CZE",2020,100
"CZE",2021,100
"DEU",2000,100
"DEU",2001,100
"DEU",2002,100
"DEU",2003,100
"DEU",2004,100
"DEU",2005,100
"DEU",2006,100
"DEU",2007,100
"DEU",2008,100
"DEU",2009,100
"DEU",2010,100
"DEU",2011,100
"DEU",2012,100
"DEU",2013,100
"DEU",2014,100
"DEU",2015,100
"DEU",2016,100
"DEU",2017,100
"DEU",2018,100
"DEU",2019,100
"DEU",2020,100
"DEU",2021,100
"DJI",2000,56
"DJI",2001,56.1
"DJI",2002,49.7
"DJI",2003,56.4
"DJI",2004,56.6
"DJI",2005,56.8
"DJI",2006,55.5
"DJI",2007,57.2
"DJI",2008,57.4
"DJI",2009,57.6
"DJI",2010,57.9
"DJI",2011,58.1
"DJI",2012,54.6
"DJI",2013,58.6
"DJI",2014,58.9
"DJI",2015,59.1
"DJI",2016,59.8
"DJI",2017,60.2
"DJI",2018,62.4
"DJI",2019,64.7
"DJI",2020,64.5
"DJI",2021,65.4
"DMA",2000,81.1
"DMA",2001,82.1
"DMA",2002,87.7
"DMA",2003,84
"DMA",2004,85
"DMA",2005,86
"DMA",2006,87
"DMA",2007,88.1
"DMA",2008,90.9
"DMA",2009,90.2
"DMA",2010,91.3
"DMA",2011,90.1
"DMA",2012,93.5
"DMA",2013,94.6
"DMA",2014,95.7
"DMA",2015,96.7
"DMA",2016,97.8
"DMA",2017,98.9
"DMA",2018,99.6
"DMA",2019,99.9
"DMA",2020,100
"DMA",2021,100
"DNK",2000,100
"DNK",2001,100
"DNK",2002,100
"DNK",2003,100
"DNK",2004,100
"DNK",2005,100
"DNK",2006,100
"DNK",2007,100
"DNK",2008,100
"DNK",2009,100
"DNK",2010,100
"DNK",2011,100
"DNK",2012,100
"DNK",2013,100
"DNK",2014,100
"DNK",2015,100
"DNK",2016,100
"DNK",2017,100
"DNK",2018,100
"DNK",2019,100
"DNK",2020,100
"DNK",2021,100
"DOM",2000,88.8
"DOM",2001,89.8
"DOM",2002,89.7
"DOM",2003,89.2
"DOM",2004,90.3
"DOM",2005,90.1
"DOM",2006,90.1
"DOM",2007,96.9
"DOM",2008,97.6
"DOM",2009,97.9
"DOM",2010,98.1
"DOM",2011,97.9
"DOM",2012,97.9
"DOM",2013,98.4
"DOM",2014,98.5
"DOM",2015,98.6
"DOM",2016,98.9
"DOM",2017,100
"DOM",2018,98.9
"DOM",2019,99
"DOM",2020,100
"DOM",2021,98.1
"DZA",2000,98.6
"DZA",2001,98.6
"DZA",2002,98.6
"DZA",2003,98.6
"DZA",2004,98.6
"DZA",2005,98.6
"DZA",2006,98.7
"DZA",2007,98.7
"DZA",2008,99.3
"DZA",2009,98.8
"DZA",2010,98.9
"DZA",2011,99
"DZA",2012,98.8
"DZA",2013,99.2
"DZA",2014,99.3
"DZA",2015,99.4
"DZA",2016,99.4
"DZA",2017,99.5
"DZA",2018,99.6
"DZA",2019,99.5
"DZA",2020,99.7
"DZA",2021,99.8
"ECU",2000,93.7
"ECU",2001,94
"ECU",2002,94.2
"ECU",2003,95
"ECU",2004,94.8
"ECU",2005,95.8
"ECU",2006,96.3
"ECU",2007,96.8
"ECU",2008,97.2
"ECU",2009,96.5
"ECU",2010,97.5
"ECU",2011,96.9
"ECU",2012,97.2
"ECU",2013,98
"ECU",2014,99
"ECU",2015,98.8
"ECU",2016,98.7
"ECU",2017,99.2
"ECU",2018,98.7
"ECU",2019,99.1
"ECU",2020,98.8
"ECU",2021,100
"EGY",2000,97.7
"EGY",2001,97.4
"EGY",2002,97.5
"EGY",2003,98.8
"EGY",2004,97.8
"EGY",2005,99.4
"EGY",2006,99
"EGY",2007,98.4
"EGY",2008,99.8
"EGY",2009,98.9
"EGY",2010,99.4
"EGY",2011,99.4
"EGY",2012,99.7
"EGY",2013,99.9
"EGY",2014,99.8
"EGY",2015,99.3
"EGY",2016,100
"EGY",2017,100
"EGY",2018,100
"EGY",2019,100
"EGY",2020,100
"EGY",2021,100
"ERI",2000,29.3
"ERI",2001,30.3
"ERI",2002,32.2
"ERI",2003,32.4
"ERI",2004,33.4
"ERI",2005,34.5
"ERI",2006,35.6
"ERI",2007,36.7
"ERI",2008,37.8
"ERI",2009,38.9
"ERI",2010,40.1
"ERI",2011,41.2
"ERI",2012,42.3
"ERI",2013,43.5
"ERI",2014,44.6
"ERI",2015,45.8
"ERI",2016,46.9
"ERI",2017,48
"ERI",2018,49.1
"ERI",2019,50.3
"ERI",2020,51.4
"ERI",2021,52.5
"ESP",2000,100
"ESP",2001,100
"ESP",2002,100
"ESP",2003,100
"ESP",2004,100
"ESP",2005,100
"ESP",2006,100
"ESP",2007,100
"ESP",2008,100
"ESP",2009,100
"ESP",2010,100
"ESP",2011,100
"ESP",2012,100
"ESP",2013,100
"ESP",2014,100
"ESP",2015,100
"ESP",2016,100
"ESP",2017,100
"ESP",2018,100
"ESP",2019,100
"ESP",2020,100
"ESP",2021,100
"EST",2000,100
"EST",2001,100
"EST",2002,100
"EST",2003,100
"EST",2004,100
"EST",2005,100
"EST",2006,100
"EST",2007,100
"EST",2008,100
"EST",2009,100
"EST",2010,100
"EST",2011,100
"EST",2012,100
"EST",2013,100
"EST",2014,100
"EST",2015,100
"EST",2016,100
"EST",2017,100
"EST",2018,100
"EST",2019,100
"EST",2020,100
"EST",2021,100
"ETH",2000,12.7
"ETH",2001,10.2
"ETH",2002,11.9
"ETH",2003,13.5
"ETH",2004,15.2
"ETH",2005,14
"ETH",2006,18.6
"ETH",2007,20.3
"ETH",2008,22
"ETH",2009,23.7
"ETH",2010,25.5
"ETH",2011,23
"ETH",2012,29
"ETH",2013,30.8
"ETH",2014,27.2
"ETH",2015,29
"ETH",2016,42.9
"ETH",2017,44.3
"ETH",2018,44.8
"ETH",2019,48
"ETH",2020,51.1
"ETH",2021,54.2
"FIN",2000,100
"FIN",2001,100
"FIN",2002,100
"FIN",2003,100
"FIN",2004,100
"FIN",2005,100
"FIN",2006,100
"FIN",2007,100
"FIN",2008,100
"FIN",2009,100
"FIN",2010,100
"FIN",2011,100
"FIN",2012,100
"FIN",2013,100
"FIN",2014,100
"FIN",2015,100
"FIN",2016,100
"FIN",2017,100
"FIN",2018,100
"FIN",2019,100
"FIN",2020,100
"FIN",2021,100
"FJI",2000,76.8
"FJI",2001,77.7
"FJI",2002,79.6
"FJI",2003,80
"FJI",2004,80.6
"FJI",2005,81.6
"FJI",2006,82.6
"FJI",2007,88.9
"FJI",2008,86.2
"FJI",2009,85.6
"FJI",2010,92.4
"FJI",2011,92.5
"FJI",2012,92.6
"FJI",2013,91.8
"FJI",2014,93
"FJI",2015,93.2
"FJI",2016,93.4
"FJI",2017,96
"FJI",2018,95.1
"FJI",2019,96.1
"FJI",2020,97.1
"FJI",2021,92.1
"FRA",2000,100
"FRA",2001,100
"FRA",2002,100
"FRA",2003,100
"FRA",2004,100
"FRA",2005,100
"FRA",2006,100
"FRA",2007,100
"FRA",2008,100
"FRA",2009,100
"FRA",2010,100
"FRA",2011,100
"FRA",2012,100
"FRA",2013,100
"FRA",2014,100
"FRA",2015,100
"FRA",2016,100
"FRA",2017,100
"FRA",2018,100
"FRA",2019,100
"FRA",2020,100
"FRA",2021,100
"FRO",2000,100
"FRO",2001,100
"FRO",2002,100
"FRO",2003,100
"FRO",2004,100
"FRO",2005,100
"FRO",2006,100
"FRO",2007,100
"FRO",2008,100
"FRO",2009,100
"FRO",2010,100
"FRO",2011,100
"FRO",2012,100
"FRO",2013,100
"FRO",2014,100
"FRO",2015,100
"FRO",2016,100
"FRO",2017,100
"FRO",2018,100
"FRO",2019,100
"FRO",2020,100
"FRO",2021,100
"FSM",2000,46
"FSM",2001,48.4
"FSM",2002,50.1
"FSM",2003,51.8
"FSM",2004,53.5
"FSM",2005,55.2
"FSM",2006,57
"FSM",2007,58.7
"FSM",2008,60.5
"FSM",2009,62.2
"FSM",2010,64.5
"FSM",2011,66.3
"FSM",2012,67.8
"FSM",2013,69.4
"FSM",2014,71.2
"FSM",2015,73
"FSM",2016,74.8
"FSM",2017,76.5
"FSM",2018,78.3
"FSM",2019,80.1
"FSM",2020,81.9
"FSM",2021,83.6
"GAB",2000,73.6
"GAB",2001,77.2
"GAB",2002,77.8
"GAB",2003,78.5
"GAB",2004,79.2
"GAB",2005,81.6
"GAB",2006,80.5
"GAB",2007,81.3
"GAB",2008,82
"GAB",2009,82.7
"GAB",2010,89.3
"GAB",2011,88.7
"GAB",2012,89.3
"GAB",2013,86.4
"GAB",2014,87.1
"GAB",2015,87.3
"GAB",2016,88.1
"GAB",2017,86.3
"GAB",2018,89.6
"GAB",2019,90.3
"GAB",2020,91.1
"GAB",2021,91.8
"GBR",2000,100
"GBR",2001,100
"GBR",2002,100
"GBR",2003,100
"GBR",2004,100
"GBR",2005,100
"GBR",2006,100
"GBR",2007,100
"GBR",2008,100
"GBR",2009,100
"GBR",2010,100
"GBR",2011,100
"GBR",2012,100
"GBR",2013,100
"GBR",2014,100
"GBR",2015,100
"GBR",2016,100
"GBR",2017,100
"GBR",2018,100
"GBR",2019,100
"GBR",2020,100
"GBR",2021,100
"GEO",2000,99.8
"GEO",2001,99.8
"GEO",2002,99.9
"GEO",2003,100
"GEO",2004,99.9
"GEO",2005,97.9
"GEO",2006,100
"GEO",2007,100
"GEO",2008,100
"GEO",2009,100
"GEO",2010,100
"GEO",2011,100
"GEO",2012,100
"GEO",2013,100
"GEO",2014,100
"GEO",2015,100
"GEO",2016,100
"GEO",2017,100
"GEO",2018,99.9
"GEO",2019,100
"GEO",2020,100
"GEO",2021,100
"GHA",2000,43.7
"GHA",2001,44.8
"GHA",2002,46.8
"GHA",2003,48.3
"GHA",2004,50.8
"GHA",2005,41.2
"GHA",2006,55.1
"GHA",2007,56.9
"GHA",2008,60.5
"GHA",2009,61.1
"GHA",2010,64.2
"GHA",2011,64.1
"GHA",2012,56.5
"GHA",2013,70.7
"GHA",2014,78.3
"GHA",2015,74
"GHA",2016,79.3
"GHA",2017,79
"GHA",2018,80.4
"GHA",2019,83.5
"GHA",2020,85.4
"GHA",2021,86.3
"GIB",2000,99.9
"GIB",2001,99.9
"GIB",2002,99.8
"GIB",2003,99.8
"GIB",2004,99.7
"GIB",2005,99.7
"GIB",2006,99.7
"GIB",2007,99.7
"GIB",2008,99.7
"GIB",2009,100
"GIB",2010,100
"GIB",2011,99.8
"GIB",2012,99.9
"GIB",2013,99.9
"GIB",2014,99.9
"GIB",2015,100
"GIB",2016,100
"GIB",2017,100
"GIB",2018,100
"GIB",2019,100
"GIB",2020,100
"GIB",2021,100
"GIN",2000,15.2
"GIN",2001,16.4
"GIN",2002,17.7
"GIN",2003,18.9
"GIN",2004,20.2
"GIN",2005,20.2
"GIN",2006,22.8
"GIN",2007,24.1
"GIN",2008,25.4
"GIN",2009,26.7
"GIN",2010,28.1
"GIN",2011,29.5
"GIN",2012,26.2
"GIN",2013,32.2
"GIN",2014,33.5
"GIN",2015,34.9
"GIN",2016,33.5
"GIN",2017,35.4
"GIN",2018,45
"GIN",2019,42.2
"GIN",2020,44.7
"GIN",2021,46.8
"GMB",2000,34.3
"GMB",2001,29.9
"GMB",2002,31.5
"GMB",2003,27.8
"GMB",2004,34.8
"GMB",2005,30.5
"GMB",2006,38.1
"GMB",2007,39.8
"GMB",2008,41.5
"GMB",2009,43.2
"GMB",2010,46.8
"GMB",2011,48.3
"GMB",2012,49.9
"GMB",2013,51.5
"GMB",2014,53
"GMB",2015,54.7
"GMB",2016,56.4
"GMB",2017,56.2
"GMB",2018,60.3
"GMB",2019,62.1
"GMB",2020,62.2
"GMB",2021,63.7
"GNB",2002,1.3
"GNB",2003,2.6
"GNB",2004,3.9
"GNB",2005,5.2
"GNB",2006,14.5
"GNB",2007,7.9
"GNB",2008,9.3
"GNB",2009,4.7
"GNB",2010,6
"GNB",2011,13.5
"GNB",2012,14.9
"GNB",2013,16.3
"GNB",2014,17.2
"GNB",2015,20.1
"GNB",2016,22.9
"GNB",2017,26
"GNB",2018,28.4
"GNB",2019,30.9
"GNB",2020,33.4
"GNB",2021,35.8
"GNQ",2000,64.8
"GNQ",2001,64.9
"GNQ",2002,64.9
"GNQ",2003,64.9
"GNQ",2004,64.9
"GNQ",2005,65
"GNQ",2006,65.1
"GNQ",2007,65.1
"GNQ",2008,65.2
"GNQ",2009,65.4
"GNQ",2010,66.1
"GNQ",2011,66.1
"GNQ",2012,65.7
"GNQ",2013,65.9
"GNQ",2014,66
"GNQ",2015,66.1
"GNQ",2016,66.2
"GNQ",2017,66.4
"GNQ",2018,66.5
"GNQ",2019,66.6
"GNQ",2020,66.7
"GNQ",2021,66.8
"GRC",2000,100
"GRC",2001,100
"GRC",2002,100
"GRC",2003,100
"GRC",2004,100
"GRC",2005,100
"GRC",2006,100
"GRC",2007,100
"GRC",2008,100
"GRC",2009,100
"GRC",2010,100
"GRC",2011,100
"GRC",2012,100
"GRC",2013,100
"GRC",2014,100
"GRC",2015,100
"GRC",2016,100
"GRC",2017,100
"GRC",2018,100
"GRC",2019,100
"GRC",2020,100
"GRC",2021,100
"GRD",2000,86
"GRD",2001,86.3
"GRD",2002,86.6
"GRD",2003,86.9
"GRD",2004,87.2
"GRD",2005,87.5
"GRD",2006,87.9
"GRD",2007,88.2
"GRD",2008,90
"GRD",2009,89
"GRD",2010,89.4
"GRD",2011,88.8
"GRD",2012,90.2
"GRD",2013,90.6
"GRD",2014,91
"GRD",2015,91.4
"GRD",2016,91.8
"GRD",2017,92.2
"GRD",2018,92.3
"GRD",2019,93
"GRD",2020,93.4
"GRD",2021,93.7
"GRL",2000,100
"GRL",2001,100
"GRL",2002,100
"GRL",2003,100
"GRL",2004,100
"GRL",2005,100
"GRL",2006,100
"GRL",2007,100
"GRL",2008,100
"GRL",2009,100
"GRL",2010,100
"GRL",2011,100
"GRL",2012,100
"GRL",2013,100
"GRL",2014,100
"GRL",2015,100
"GRL",2016,100
"GRL",2017,100
"GRL",2018,100
"GRL",2019,100
"GRL",2020,100
"GRL",2021,100
"GTM",2000,73.3
"GTM",2001,73.7
"GTM",2002,78.7
"GTM",2003,78.5
"GTM",2004,77.2
"GTM",2005,78.3
"GTM",2006,83.7
"GTM",2007,80.7
"GTM",2008,81.9
"GTM",2009,83.1
"GTM",2010,84.3
"GTM",2011,84
"GTM",2012,86.8
"GTM",2013,88.1
"GTM",2014,85.5
"GTM",2015,90.5
"GTM",2016,91.8
"GTM",2017,93.3
"GTM",2018,94.2
"GTM",2019,95.4
"GTM",2020,96.6
"GTM",2021,97.9
"GUM",2000,100
"GUM",2001,100
"GUM",2002,100
"GUM",2003,100
"GUM",2004,100
"GUM",2005,100
"GUM",2006,100
"GUM",2007,100
"GUM",2008,100
"GUM",2009,100
"GUM",2010,100
"GUM",2011,100
"GUM",2012,100
"GUM",2013,100
"GUM",2014,100
"GUM",2015,100
"GUM",2016,100
"GUM",2017,100
"GUM",2018,100
"GUM",2019,100
"GUM",2020,100
"GUM",2021,100
"GUY",2000,74.6
"GUY",2001,75.1
"GUY",2002,75.7
"GUY",2003,76.2
"GUY",2004,76.8
"GUY",2005,77.5
"GUY",2006,73.4
"GUY",2007,78.5
"GUY",2008,79.1
"GUY",2009,77.6
"GUY",2010,83.3
"GUY",2011,84.2
"GUY",2012,85.1
"GUY",2013,86
"GUY",2014,86.9
"GUY",2015,88
"GUY",2016,89
"GUY",2017,90
"GUY",2018,90.9
"GUY",2019,91.6
"GUY",2020,92.3
"GUY",2021,92.9
"HKG",2000,100
"HKG",2001,100
"HKG",2002,100
"HKG",2003,100
"HKG",2004,100
"HKG",2005,100
"HKG",2006,100
"HKG",2007,100
"HKG",2008,100
"HKG",2009,100
"HKG",2010,100
"HKG",2011,100
"HKG",2012,100
"HKG",2013,100
"HKG",2014,100
"HKG",2015,100
"HKG",2016,100
"HKG",2017,100
"HKG",2018,100
"HKG",2019,100
"HKG",2020,100
"HKG",2021,100
"HND",2000,67.4
"HND",2001,64.2
"HND",2002,63.1
"HND",2003,65.1
"HND",2004,67.1
"HND",2005,68.9
"HND",2006,71.3
"HND",2007,73.5
"HND",2008,76.4
"HND",2009,78.3
"HND",2010,81
"HND",2011,82.2
"HND",2012,83.6
"HND",2013,87.2
"HND",2014,88.7
"HND",2015,90
"HND",2016,91.6
"HND",2017,86.5
"HND",2018,91.6
"HND",2019,91.1
"HND",2020,93.1
"HND",2021,94.1
"HRV",2000,100
"HRV",2001,100
"HRV",2002,100
"HRV",2003,100
"HRV",2004,99.9
"HRV",2005,99.9
"HRV",2006,99.8
"HRV",2007,99.8
"HRV",2008,100
"HRV",2009,100
"HRV",2010,100
"HRV",2011,100
"HRV",2012,100
"HRV",2013,100
"HRV",2014,100
"HRV",2015,100
"HRV",2016,100
"HRV",2017,100
"HRV",2018,100
"HRV",2019,100
"HRV",2020,100
"HRV",2021,100
"HTI",2000,33.7
"HTI",2001,31.5
"HTI",2002,33.1
"HTI",2003,31.6
"HTI",2004,34.1
"HTI",2005,34.5
"HTI",2006,33.9
"HTI",2007,35.5
"HTI",2008,36.1
"HTI",2009,36.6
"HTI",2010,37.2
"HTI",2011,37.8
"HTI",2012,37.9
"HTI",2013,38.9
"HTI",2014,39.6
"HTI",2015,40.8
"HTI",2016,40.4
"HTI",2017,43.3
"HTI",2018,44.4
"HTI",2019,45.4
"HTI",2020,46.3
"HTI",2021,47.2
"HUN",2000,100
"HUN",2001,100
"HUN",2002,100
"HUN",2003,100
"HUN",2004,100
"HUN",2005,99.9
"HUN",2006,99.9
"HUN",2007,100
"HUN",2008,100
"HUN",2009,100
"HUN",2010,100
"HUN",2011,100
"HUN",2012,100
"HUN",2013,100
"HUN",2014,100
"HUN",2015,100
"HUN",2016,100
"HUN",2017,100
"HUN",2018,100
"HUN",2019,100
"HUN",2020,100
"HUN",2021,100
"IDN",2000,86.3
"IDN",2001,86.3
"IDN",2002,87.6
"IDN",2003,87.9
"IDN",2004,89
"IDN",2005,84.8
"IDN",2006,90.6
"IDN",2007,91.1
"IDN",2008,92.7
"IDN",2009,93.6
"IDN",2010,94.2
"IDN",2011,94.8
"IDN",2012,96
"IDN",2013,96.5
"IDN",2014,97
"IDN",2015,97.5
"IDN",2016,97.6
"IDN",2017,98.1
"IDN",2018,98.5
"IDN",2019,98.8
"IDN",2020,97
"IDN",2021,99.2
"IMN",2000,100
"IMN",2001,100
"IMN",2002,100
"IMN",2003,100
"IMN",2004,100
"IMN",2005,100
"IMN",2006,100
"IMN",2007,100
"IMN",2008,100
"IMN",2009,100
"IMN",2010,100
"IMN",2011,100
"IMN",2012,100
"IMN",2013,100
"IMN",2014,100
"IMN",2015,100
"IMN",2016,100
"IMN",2017,100
"IMN",2018,100
"IMN",2019,100
"IMN",2020,100
"IMN",2021,100
"IND",2000,60.3
"IND",2001,62
"IND",2002,62.3
"IND",2003,65.4
"IND",2004,64.4
"IND",2005,68.8
"IND",2006,67.9
"IND",2007,72.3
"IND",2008,74.1
"IND",2009,75
"IND",2010,76.3
"IND",2011,79.5
"IND",2012,79.9
"IND",2013,83.1
"IND",2014,85.1
"IND",2015,88
"IND",2016,89.6
"IND",2017,91.8
"IND",2018,95.7
"IND",2019,95.9
"IND",2020,96.5
"IND",2021,99.6
"IRL",2000,100
"IRL",2001,100
"IRL",2002,100
"IRL",2003,100
"IRL",2004,100
"IRL",2005,100
"IRL",2006,100
"IRL",2007,100
"IRL",2008,100
"IRL",2009,100
"IRL",2010,100
"IRL",2011,100
"IRL",2012,100
"IRL",2013,100
"IRL",2014,100
"IRL",2015,100
"IRL",2016,100
"IRL",2017,100
"IRL",2018,100
"IRL",2019,100
"IRL",2020,100
"IRL",2021,100
"IRN",2000,97.9
"IRN",2001,98.1
"IRN",2002,98.1
"IRN",2003,98.2
"IRN",2004,98.3
"IRN",2005,98.4
"IRN",2006,98.4
"IRN",2007,98.7
"IRN",2008,98.8
"IRN",2009,99.7
"IRN",2010,99.4
"IRN",2011,99.5
"IRN",2012,99.5
"IRN",2013,99.8
"IRN",2014,100
"IRN",2015,100
"IRN",2016,100
"IRN",2017,99.9
"IRN",2018,100
"IRN",2019,100
"IRN",2020,100
"IRN",2021,100
"IRQ",2000,96.8
"IRQ",2001,96.9
"IRQ",2002,97.1
"IRQ",2003,97.2
"IRQ",2004,97.3
"IRQ",2005,97.4
"IRQ",2006,97.6
"IRQ",2007,98.1
"IRQ",2008,97.9
"IRQ",2009,98.1
"IRQ",2010,98.4
"IRQ",2011,98
"IRQ",2012,99.3
"IRQ",2013,99
"IRQ",2014,99.2
"IRQ",2015,99.4
"IRQ",2016,99.7
"IRQ",2017,99.9
"IRQ",2018,99.9
"IRQ",2019,100
"IRQ",2020,100
"IRQ",2021,100
"ISL",2000,100
"ISL",2001,100
"ISL",2002,100
"ISL",2003,100
"ISL",2004,100
"ISL",2005,100
"ISL",2006,100
"ISL",2007,100
"ISL",2008,100
"ISL",2009,100
"ISL",2010,100
"ISL",2011,100
"ISL",2012,100
"ISL",2013,100
"ISL",2014,100
"ISL",2015,100
"ISL",2016,100
"ISL",2017,100
"ISL",2018,100
"ISL",2019,100
"ISL",2020,100
"ISL",2021,100
"ISR",2000,100
"ISR",2001,100
"ISR",2002,100
"ISR",2003,100
"ISR",2004,100
"ISR",2005,100
"ISR",2006,100
"ISR",2007,100
"ISR",2008,100
"ISR",2009,100
"ISR",2010,100
"ISR",2011,100
"ISR",2012,100
"ISR",2013,100
"ISR",2014,100
"ISR",2015,100
"ISR",2016,100
"ISR",2017,100
"ISR",2018,100
"ISR",2019,100
"ISR",2020,100
"ISR",2021,100
"ITA",2000,100
"ITA",2001,100
"ITA",2002,100
"ITA",2003,100
"ITA",2004,100
"ITA",2005,100
"ITA",2006,100
"ITA",2007,100
"ITA",2008,100
"ITA",2009,100
"ITA",2010,100
"ITA",2011,100
"ITA",2012,100
"ITA",2013,100
"ITA",2014,100
"ITA",2015,100
"ITA",2016,100
"ITA",2017,100
"ITA",2018,100
"ITA",2019,100
"ITA",2020,100
"ITA",2021,100
"JAM",2000,84.4
"JAM",2001,87.7
"JAM",2002,86.7
"JAM",2003,86.5
"JAM",2004,87.2
"JAM",2005,88
"JAM",2006,88.7
"JAM",2007,89.4
"JAM",2008,92
"JAM",2009,91
"JAM",2010,92.2
"JAM",2011,91.1
"JAM",2012,93.1
"JAM",2013,93.9
"JAM",2014,93.3
"JAM",2015,94.9
"JAM",2016,96.6
"JAM",2017,97.4
"JAM",2018,98.2
"JAM",2019,98.9
"JAM",2020,99.7
"JAM",2021,100
"JOR",2000,99
"JOR",2001,99
"JOR",2002,99.5
"JOR",2003,99
"JOR",2004,99.2
"JOR",2005,99
"JOR",2006,100
"JOR",2007,98.8
"JOR",2008,100
"JOR",2009,99.4
"JOR",2010,100
"JOR",2011,99.6
"JOR",2012,99.5
"JOR",2013,99.7
"JOR",2014,99.8
"JOR",2015,99.9
"JOR",2016,100
"JOR",2017,100
"JOR",2018,99.9
"JOR",2019,99.9
"JOR",2020,99.9
"JOR",2021,99.9
"JPN",2000,100
"JPN",2001,100
"JPN",2002,100
"JPN",2003,100
"JPN",2004,100
"JPN",2005,100
"JPN",2006,100
"JPN",2007,100
"JPN",2008,100
"JPN",2009,100
"JPN",2010,100
"JPN",2011,100
"JPN",2012,100
"JPN",2013,100
"JPN",2014,100
"JPN",2015,100
"JPN",2016,100
"JPN",2017,100
"JPN",2018,100
"JPN",2019,100
"JPN",2020,100
"JPN",2021,100
"KAZ",2000,99.6
"KAZ",2001,99.7
"KAZ",2002,99.8
"KAZ",2003,99.9
"KAZ",2004,100
"KAZ",2005,100
"KAZ",2006,99.8
"KAZ",2007,100
"KAZ",2008,100
"KAZ",2009,100
"KAZ",2010,100
"KAZ",2011,99.8
"KAZ",2012,100
"KAZ",2013,100
"KAZ",2014,100
"KAZ",2015,100
"KAZ",2016,100
"KAZ",2017,100
"KAZ",2018,100
"KAZ",2019,100
"KAZ",2020,100
"KAZ",2021,100
"KEN",2000,15.2
"KEN",2001,17
"KEN",2002,18.9
"KEN",2003,16
"KEN",2004,22.6
"KEN",2005,24.5
"KEN",2006,26.4
"KEN",2007,28.3
"KEN",2008,30.3
"KEN",2009,23
"KEN",2010,19.2
"KEN",2011,36.2
"KEN",2012,38.1
"KEN",2013,40.1
"KEN",2014,36
"KEN",2015,41.6
"KEN",2016,53.1
"KEN",2017,55.8
"KEN",2018,61.2
"KEN",2019,69.7
"KEN",2020,71.5
"KEN",2021,76.5
"KGZ",2000,99.6
"KGZ",2001,99.5
"KGZ",2002,100
"KGZ",2003,99.4
"KGZ",2004,99.3
"KGZ",2005,99.4
"KGZ",2006,98.9
"KGZ",2007,99.5
"KGZ",2008,99.5
"KGZ",2009,99.5
"KGZ",2010,99
"KGZ",2011,98.3
"KGZ",2012,99.8
"KGZ",2013,98.9
"KGZ",2014,99.8
"KGZ",2015,98.7
"KGZ",2016,99.7
"KGZ",2017,100
"KGZ",2018,100
"KGZ",2019,99.9
"KGZ",2020,99.9
"KGZ",2021,99.7
"KHM",2000,16.6
"KHM",2001,9.5
"KHM",2002,13.1
"KHM",2003,19.3
"KHM",2004,14.2
"KHM",2005,20.5
"KHM",2006,27.5
"KHM",2007,20.2
"KHM",2008,26.4
"KHM",2009,25.6
"KHM",2010,31.1
"KHM",2011,37.4
"KHM",2012,42.3
"KHM",2013,50.9
"KHM",2014,56.1
"KHM",2015,62.7
"KHM",2016,68.8
"KHM",2017,89.1
"KHM",2018,80.7
"KHM",2019,84
"KHM",2020,86.4
"KHM",2021,82.5
"KIR",2000,55.6
"KIR",2001,57.3
"KIR",2002,59
"KIR",2003,60.7
"KIR",2004,62.4
"KIR",2005,69.7
"KIR",2006,68.8
"KIR",2007,67.7
"KIR",2008,69.4
"KIR",2009,64.2
"KIR",2010,63.2
"KIR",2011,74.9
"KIR",2012,76.7
"KIR",2013,78.8
"KIR",2014,83.4
"KIR",2015,90.6
"KIR",2016,92.6
"KIR",2017,85.7
"KIR",2018,87.5
"KIR",2019,89.3
"KIR",2020,91
"KIR",2021,92.8
"KNA",2000,95.4
"KNA",2001,93.5
"KNA",2002,95.8
"KNA",2003,96
"KNA",2004,96.3
"KNA",2005,96.5
"KNA",2006,96.7
"KNA",2007,97
"KNA",2008,97.3
"KNA",2009,97.6
"KNA",2010,99.8
"KNA",2011,100
"KNA",2012,100
"KNA",2013,100
"KNA",2014,100
"KNA",2015,100
"KNA",2016,100
"KNA",2017,100
"KNA",2018,100
"KNA",2019,100
"KNA",2020,100
"KNA",2021,100
"KOR",2000,100
"KOR",2001,100
"KOR",2002,100
"KOR",2003,100
"KOR",2004,100
"KOR",2005,100
"KOR",2006,100
"KOR",2007,100
"KOR",2008,100
"KOR",2009,100
"KOR",2010,100
"KOR",2011,100
"KOR",2012,100
"KOR",2013,100
"KOR",2014,100
"KOR",2015,100
"KOR",2016,100
"KOR",2017,100
"KOR",2018,100
"KOR",2019,100
"KOR",2020,100
"KOR",2021,100
"KWT",2000,100
"KWT",2001,100
"KWT",2002,100
"KWT",2003,100
"KWT",2004,100
"KWT",2005,100
"KWT",2006,100
"KWT",2007,100
"KWT",2008,100
"KWT",2009,100
"KWT",2010,100
"KWT",2011,100
"KWT",2012,100
"KWT",2013,100
"KWT",2014,100
"KWT",2015,100
"KWT",2016,100
"KWT",2017,100
"KWT",2018,100
"KWT",2019,100
"KWT",2020,100
"KWT",2021,100
"LAO",2000,42.6
"LAO",2001,45.3
"LAO",2002,46.3
"LAO",2003,48
"LAO",2004,53.5
"LAO",2005,57.2
"LAO",2006,57
"LAO",2007,55
"LAO",2008,66
"LAO",2009,67.4
"LAO",2010,70.2
"LAO",2011,70
"LAO",2012,76.4
"LAO",2013,79.3
"LAO",2014,82.5
"LAO",2015,89.7
"LAO",2016,89
"LAO",2017,93.6
"LAO",2018,92.9
"LAO",2019,98.4
"LAO",2020,99.3
"LAO",2021,100
"LBN",2000,99.3
"LBN",2001,99.3
"LBN",2002,99.3
"LBN",2003,99.2
"LBN",2004,99.9
"LBN",2005,99.2
"LBN",2006,99.4
"LBN",2007,97.8
"LBN",2008,99.9
"LBN",2009,99.3
"LBN",2010,99.5
"LBN",2011,99.7
"LBN",2012,99.5
"LBN",2013,99.6
"LBN",2014,99.7
"LBN",2015,99.7
"LBN",2016,99.8
"LBN",2017,99.9
"LBN",2018,99.7
"LBN",2019,100
"LBN",2020,100
"LBN",2021,100
"LBR",2007,3
"LBR",2008,1.3
"LBR",2009,1.9
"LBR",2010,5.3
"LBR",2011,4.1
"LBR",2012,9.3
"LBR",2013,9.8
"LBR",2014,9.4
"LBR",2015,15.2
"LBR",2016,17.7
"LBR",2017,24.2
"LBR",2018,22.8
"LBR",2019,23.1
"LBR",2020,27.6
"LBR",2021,29.8
"LBY",2000,99.8
"LBY",2001,96.9
"LBY",2002,95.2
"LBY",2003,93.5
"LBY",2004,91.8
"LBY",2005,90.1
"LBY",2006,88.4
"LBY",2007,86.8
"LBY",2008,85.1
"LBY",2009,83.5
"LBY",2010,81.9
"LBY",2011,80.3
"LBY",2012,78.7
"LBY",2013,77.1
"LBY",2014,75.5
"LBY",2015,73.8
"LBY",2016,72.2
"LBY",2017,70.6
"LBY",2018,67
"LBY",2019,68.5
"LBY",2020,69.4
"LBY",2021,70.2
"LCA",2000,86
"LCA",2001,89.9
"LCA",2002,87.7
"LCA",2003,88.5
"LCA",2004,89.3
"LCA",2005,90.1
"LCA",2006,90.9
"LCA",2007,91.8
"LCA",2008,92.7
"LCA",2009,93.5
"LCA",2010,94.2
"LCA",2011,95.4
"LCA",2012,95.3
"LCA",2013,97.2
"LCA",2014,98.1
"LCA",2015,99
"LCA",2016,99.8
"LCA",2017,99.9
"LCA",2018,100
"LCA",2019,100
"LCA",2020,100
"LCA",2021,100
"LIE",2000,100
"LIE",2001,100
"LIE",2002,100
"LIE",2003,100
"LIE",2004,100
"LIE",2005,100
"LIE",2006,100
"LIE",2007,100
"LIE",2008,100
"LIE",2009,100
"LIE",2010,100
"LIE",2011,100
"LIE",2012,100
"LIE",2013,100
"LIE",2014,100
"LIE",2015,100
"LIE",2016,100
"LIE",2017,100
"LIE",2018,100
"LIE",2019,100
"LIE",2020,100
"LIE",2021,100
"LKA",2000,70.3
"LKA",2001,63.6
"LKA",2002,80.7
"LKA",2003,75
"LKA",2004,76.5
"LKA",2005,78.1
"LKA",2006,82
"LKA",2007,80
"LKA",2008,82.9
"LKA",2009,87.1
"LKA",2010,85.3
"LKA",2011,87.8
"LKA",2012,87
"LKA",2013,90.2
"LKA",2014,92.7
"LKA",2015,94.3
"LKA",2016,97.5
"LKA",2017,97.5
"LKA",2018,99.6
"LKA",2019,99.8
"LKA",2020,100
"LKA",2021,100
"LSO",2000,4.3
"LSO",2001,1.3
"LSO",2002,3.4
"LSO",2003,5.4
"LSO",2004,6.8
"LSO",2005,9.6
"LSO",2006,9.7
"LSO",2007,13.9
"LSO",2008,16
"LSO",2009,17
"LSO",2010,17
"LSO",2011,22.5
"LSO",2012,20.6
"LSO",2013,26.9
"LSO",2014,27.8
"LSO",2015,31.8
"LSO",2016,35.1
"LSO",2017,33.7
"LSO",2018,47
"LSO",2019,44.6
"LSO",2020,47.5
"LSO",2021,50.4
"LTU",2000,99.5
"LTU",2001,99.5
"LTU",2002,99.4
"LTU",2003,99.4
"LTU",2004,99.4
"LTU",2005,99.4
"LTU",2006,99.4
"LTU",2007,99.4
"LTU",2008,99.4
"LTU",2009,99.5
"LTU",2010,99.7
"LTU",2011,99.7
"LTU",2012,100
"LTU",2013,100
"LTU",2014,100
"LTU",2015,100
"LTU",2016,100
"LTU",2017,100
"LTU",2018,100
"LTU",2019,100
"LTU",2020,100
"LTU",2021,100
"LUX",2000,100
"LUX",2001,100
"LUX",2002,100
"LUX",2003,100
"LUX",2004,100
"LUX",2005,100
"LUX",2006,100
"LUX",2007,100
"LUX",2008,100
"LUX",2009,100
"LUX",2010,100
"LUX",2011,100
"LUX",2012,100
"LUX",2013,100
"LUX",2014,100
"LUX",2015,100
"LUX",2016,100
"LUX",2017,100
"LUX",2018,100
"LUX",2019,100
"LUX",2020,100
"LUX",2021,100
"LVA",2000,99.9
"LVA",2001,99.9
"LVA",2002,99.8
"LVA",2003,99.8
"LVA",2004,99.7
"LVA",2005,99.7
"LVA",2006,99.6
"LVA",2007,99.7
"LVA",2008,99.7
"LVA",2009,100
"LVA",2010,99.8
"LVA",2011,99.8
"LVA",2012,100
"LVA",2013,100
"LVA",2014,100
"LVA",2015,100
"LVA",2016,100
"LVA",2017,100
"LVA",2018,100
"LVA",2019,100
"LVA",2020,100
"LVA",2021,100
"MAC",2000,100
"MAC",2001,100
"MAC",2002,100
"MAC",2003,100
"MAC",2004,100
"MAC",2005,100
"MAC",2006,100
"MAC",2007,100
"MAC",2008,100
"MAC",2009,100
"MAC",2010,100
"MAC",2011,100
"MAC",2012,100
"MAC",2013,100
"MAC",2014,100
"MAC",2015,100
"MAC",2016,100
"MAC",2017,100
"MAC",2018,100
"MAC",2019,100
"MAC",2020,100
"MAC",2021,100
"MAF",2000,100
"MAF",2001,99.9
"MAF",2002,99.9
"MAF",2003,99.8
"MAF",2004,99.8
"MAF",2005,99.7
"MAF",2006,99.7
"MAF",2007,99.7
"MAF",2008,99.7
"MAF",2009,99.7
"MAF",2010,100
"MAF",2011,100
"MAF",2012,100
"MAF",2013,100
"MAF",2014,100
"MAF",2015,100
"MAF",2016,100
"MAF",2017,100
"MAF",2018,100
"MAF",2019,100
"MAF",2020,100
"MAF",2021,100
"MAR",2000,69.8
"MAR",2001,71.6
"MAR",2002,73.3
"MAR",2003,75.1
"MAR",2004,78.2
"MAR",2005,78.6
"MAR",2006,96.5
"MAR",2007,82.2
"MAR",2008,84.1
"MAR",2009,85.9
"MAR",2010,95.7
"MAR",2011,96.1
"MAR",2012,96.4
"MAR",2013,97.2
"MAR",2014,97.3
"MAR",2015,97.3
"MAR",2016,97.8
"MAR",2017,100
"MAR",2018,98.1
"MAR",2019,99.6
"MAR",2020,100
"MAR",2021,100
"MCO",2000,100
"MCO",2001,100
"MCO",2002,100
"MCO",2003,100
"MCO",2004,100
"MCO",2005,100
"MCO",2006,100
"MCO",2007,100
"MCO",2008,100
"MCO",2009,100
"MCO",2010,100
"MCO",2011,100
"MCO",2012,100
"MCO",2013,100
"MCO",2014,100
"MCO",2015,100
"MCO",2016,100
"MCO",2017,100
"MCO",2018,100
"MCO",2019,100
"MCO",2020,100
"MCO",2021,100
"MDA",2000,98.7
"MDA",2001,98.8
"MDA",2002,99
"MDA",2003,98.8
"MDA",2004,99.1
"MDA",2005,98.6
"MDA",2006,98.9
"MDA",2007,99
"MDA",2008,99.1
"MDA",2009,99.2
"MDA",2010,99.3
"MDA",2011,99.4
"MDA",2012,99.5
"MDA",2013,99.6
"MDA",2014,99.8
"MDA",2015,99.9
"MDA",2016,99.9
"MDA",2017,100
"MDA",2018,100
"MDA",2019,100
"MDA",2020,100
"MDA",2021,100
"MDG",2000,12.6
"MDG",2001,14.8
"MDG",2002,14
"MDG",2003,20.3
"MDG",2004,15.3
"MDG",2005,16
"MDG",2006,16.8
"MDG",2007,17.5
"MDG",2008,18.3
"MDG",2009,17.4
"MDG",2010,12.3
"MDG",2011,14.3
"MDG",2012,18.7
"MDG",2013,12.9
"MDG",2014,23
"MDG",2015,23.8
"MDG",2016,22.9
"MDG",2017,24.1
"MDG",2018,36.5
"MDG",2019,31
"MDG",2020,32
"MDG",2021,35.1
"MDV",2000,83.8
"MDV",2001,87.5
"MDV",2002,88.3
"MDV",2003,89.1
"MDV",2004,90
"MDV",2005,90.9
"MDV",2006,91.7
"MDV",2007,92.6
"MDV",2008,93.6
"MDV",2009,99.9
"MDV",2010,99
"MDV",2011,99.1
"MDV",2012,99.2
"MDV",2013,99.4
"MDV",2014,100
"MDV",2015,99.8
"MDV",2016,100
"MDV",2017,99.8
"MDV",2018,100
"MDV",2019,100
"MDV",2020,100
"MDV",2021,100
"MEX",2000,98
"MEX",2001,97.1
"MEX",2002,97.9
"MEX",2003,97.4
"MEX",2004,98.6
"MEX",2005,98.9
"MEX",2006,99.1
"MEX",2007,97.9
"MEX",2008,98.9
"MEX",2009,98.3
"MEX",2010,99.2
"MEX",2011,99
"MEX",2012,99.1
"MEX",2013,99.1
"MEX",2014,99.2
"MEX",2015,99
"MEX",2016,99.5
"MEX",2017,100
"MEX",2018,99.5
"MEX",2019,99.6
"MEX",2020,99.4
"MEX",2021,100
"MHL",2000,68.6
"MHL",2001,70.1
"MHL",2002,71.5
"MHL",2003,72.9
"MHL",2004,74.3
"MHL",2005,75.7
"MHL",2006,77.2
"MHL",2007,72.3
"MHL",2008,80.2
"MHL",2009,81.7
"MHL",2010,89.4
"MHL",2011,89.9
"MHL",2012,90.4
"MHL",2013,90.9
"MHL",2014,91.5
"MHL",2015,92.1
"MHL",2016,92.7
"MHL",2017,93.8
"MHL",2018,95.3
"MHL",2019,96.8
"MHL",2020,98.3
"MHL",2021,99.8
"MKD",2000,99
"MKD",2001,99
"MKD",2002,99
"MKD",2003,99
"MKD",2004,99.4
"MKD",2005,99.1
"MKD",2006,99
"MKD",2007,99.1
"MKD",2008,99.2
"MKD",2009,99.2
"MKD",2010,99.5
"MKD",2011,99.7
"MKD",2012,99.6
"MKD",2013,99.7
"MKD",2014,99.8
"MKD",2015,99.9
"MKD",2016,100
"MKD",2017,100
"MKD",2018,99.8
"MKD",2019,100
"MKD",2020,100
"MKD",2021,100
"MLI",2000,9.6
"MLI",2001,10.8
"MLI",2002,13
"MLI",2003,14.7
"MLI",2004,16.4
"MLI",2005,18.2
"MLI",2006,16.6
"MLI",2007,21.7
"MLI",2008,23.4
"MLI",2009,24
"MLI",2010,27
"MLI",2011,28.8
"MLI",2012,25.6
"MLI",2013,32.4
"MLI",2014,34.2
"MLI",2015,37.6
"MLI",2016,38.8
"MLI",2017,34.8
"MLI",2018,50.9
"MLI",2019,47.9
"MLI",2020,50.6
"MLI",2021,53.4
"MLT",2000,100
"MLT",2001,100
"MLT",2002,100
"MLT",2003,100
"MLT",2004,100
"MLT",2005,100
"MLT",2006,100
"MLT",2007,100
"MLT",2008,100
"MLT",2009,100
"MLT",2010,100
"MLT",2011,100
"MLT",2012,100
"MLT",2013,100
"MLT",2014,100
"MLT",2015,100
"MLT",2016,100
"MLT",2017,100
"MLT",2018,100
"MLT",2019,100
"MLT",2020,100
"MLT",2021,100
"MMR",2000,41.9
"MMR",2001,43
"MMR",2002,47
"MMR",2003,45.1
"MMR",2004,46.2
"MMR",2005,47.3
"MMR",2006,48.4
"MMR",2007,49.5
"MMR",2008,50.6
"MMR",2009,51.8
"MMR",2010,48.8
"MMR",2011,54.1
"MMR",2012,55.3
"MMR",2013,56.5
"MMR",2014,52
"MMR",2015,60.5
"MMR",2016,55.6
"MMR",2017,69.8
"MMR",2018,66.1
"MMR",2019,68.3
"MMR",2020,70.4
"MMR",2021,72.5
"MNE",2000,99.1
"MNE",2001,99.1
"MNE",2002,99
"MNE",2003,99
"MNE",2004,99
"MNE",2005,99.8
"MNE",2006,99
"MNE",2007,99
"MNE",2008,99
"MNE",2009,99.1
"MNE",2010,99.2
"MNE",2011,99
"MNE",2012,99.3
"MNE",2013,99.7
"MNE",2014,97.7
"MNE",2015,99.5
"MNE",2016,99.6
"MNE",2017,100
"MNE",2018,100
"MNE",2019,100
"MNE",2020,99.9
"MNE",2021,99.8
"MNG",2000,67.3
"MNG",2001,71.7
"MNG",2002,72.8
"MNG",2003,76.3
"MNG",2004,74.8
"MNG",2005,86.2
"MNG",2006,77
"MNG",2007,78.1
"MNG",2008,79.2
"MNG",2009,80.3
"MNG",2010,78.5
"MNG",2011,72.1
"MNG",2012,83.7
"MNG",2013,81.2
"MNG",2014,86
"MNG",2015,88
"MNG",2016,90.8
"MNG",2017,93.6
"MNG",2018,98.1
"MNG",2019,98.9
"MNG",2020,99.5
"MNG",2021,100
"MNP",2000,100
"MNP",2001,100
"MNP",2002,99.9
"MNP",2003,99.9
"MNP",2004,99.8
"MNP",2005,99.8
"MNP",2006,99.7
"MNP",2007,100
"MNP",2008,100
"MNP",2009,100
"MNP",2010,100
"MNP",2011,100
"MNP",2012,100
"MNP",2013,100
"MNP",2014,100
"MNP",2015,100
"MNP",2016,100
"MNP",2017,100
"MNP",2018,100
"MNP",2019,100
"MNP",2020,100
"MNP",2021,100
"MOZ",2000,6.1
"MOZ",2001,5.7
"MOZ",2002,8.4
"MOZ",2003,8.1
"MOZ",2004,10.7
"MOZ",2005,11.8
"MOZ",2006,13
"MOZ",2007,12.4
"MOZ",2008,13.6
"MOZ",2009,15
"MOZ",2010,18.9
"MOZ",2011,20.2
"MOZ",2012,21.2
"MOZ",2013,22.4
"MOZ",2014,24.8
"MOZ",2015,24
"MOZ",2016,26.2
"MOZ",2017,24.3
"MOZ",2018,31.1
"MOZ",2019,29.7
"MOZ",2020,30.6
"MOZ",2021,31.5
"MRT",2000,19.1
"MRT",2001,22.2
"MRT",2002,21.7
"MRT",2003,23
"MRT",2004,24.3
"MRT",2005,18.2
"MRT",2006,27
"MRT",2007,33
"MRT",2008,30
"MRT",2009,31.1
"MRT",2010,34.2
"MRT",2011,35.3
"MRT",2012,36.4
"MRT",2013,37.6
"MRT",2014,38.8
"MRT",2015,39.5
"MRT",2016,41.2
"MRT",2017,42.9
"MRT",2018,43.6
"MRT",2019,44.9
"MRT",2020,45.4
"MRT",2021,47.7
"MUS",2000,99
"MUS",2001,99.2
"MUS",2002,99.4
"MUS",2003,99.1
"MUS",2004,99
"MUS",2005,99
"MUS",2006,99
"MUS",2007,99
"MUS",2008,99
"MUS",2009,99
"MUS",2010,99.4
"MUS",2011,99.6
"MUS",2012,99.4
"MUS",2013,99.4
"MUS",2014,99.5
"MUS",2015,99.6
"MUS",2016,99.7
"MUS",2017,99.6
"MUS",2018,99.8
"MUS",2019,100
"MUS",2020,99.5
"MUS",2021,99.6
"MWI",2000,4.8
"MWI",2001,5.2
"MWI",2002,5.6
"MWI",2003,6.2
"MWI",2004,6.9
"MWI",2005,6.6
"MWI",2006,3.7
"MWI",2007,7.4
"MWI",2008,7.8
"MWI",2009,8.3
"MWI",2010,8.7
"MWI",2011,7.6
"MWI",2012,7.4
"MWI",2013,9
"MWI",2014,11.9
"MWI",2015,10.8
"MWI",2016,11
"MWI",2017,12.7
"MWI",2018,18
"MWI",2019,11.2
"MWI",2020,11.5
"MWI",2021,14.2
"MYS",2000,98.6
"MYS",2001,98.6
"MYS",2002,98.6
"MYS",2003,98.7
"MYS",2004,98.7
"MYS",2005,98.7
"MYS",2006,98.8
"MYS",2007,98.9
"MYS",2008,99
"MYS",2009,99.3
"MYS",2010,99.5
"MYS",2011,99.5
"MYS",2012,99.8
"MYS",2013,99.6
"MYS",2014,99.7
"MYS",2015,99.9
"MYS",2016,99.9
"MYS",2017,100
"MYS",2018,100
"MYS",2019,100
"MYS",2020,100
"MYS",2021,100
"NAM",2000,36.5
"NAM",2001,36
"NAM",2002,36.9
"NAM",2003,37.8
"NAM",2004,38.7
"NAM",2005,39.6
"NAM",2006,40.5
"NAM",2007,43.7
"NAM",2008,42.4
"NAM",2009,44.1
"NAM",2010,44.4
"NAM",2011,42.3
"NAM",2012,46.4
"NAM",2013,47.4
"NAM",2014,48.4
"NAM",2015,51.6
"NAM",2016,49.7
"NAM",2017,52.5
"NAM",2018,52.3
"NAM",2019,53.3
"NAM",2020,52.3
"NAM",2021,55.2
"NCL",2000,100
"NCL",2001,100
"NCL",2002,100
"NCL",2003,100
"NCL",2004,100
"NCL",2005,100
"NCL",2006,100
"NCL",2007,100
"NCL",2008,100
"NCL",2009,100
"NCL",2010,100
"NCL",2011,100
"NCL",2012,100
"NCL",2013,100
"NCL",2014,100
"NCL",2015,100
"NCL",2016,100
"NCL",2017,100
"NCL",2018,100
"NCL",2019,100
"NCL",2020,100
"NCL",2021,100
"NER",2000,6.5
"NER",2001,8.4
"NER",2002,8.8
"NER",2003,9.3
"NER",2004,9.7
"NER",2005,7.1
"NER",2006,9.3
"NER",2007,11.2
"NER",2008,11.8
"NER",2009,12.3
"NER",2010,13.6
"NER",2011,14.3
"NER",2012,14.4
"NER",2013,15.2
"NER",2014,15.7
"NER",2015,16.6
"NER",2016,17
"NER",2017,17.6
"NER",2018,17.6
"NER",2019,18.5
"NER",2020,18.7
"NER",2021,18.6
"NGA",2000,43.2
"NGA",2001,43.9
"NGA",2002,44.6
"NGA",2003,52.2
"NGA",2004,46.1
"NGA",2005,46.8
"NGA",2006,47.6
"NGA",2007,50.1
"NGA",2008,50.3
"NGA",2009,50
"NGA",2010,48
"NGA",2011,55.9
"NGA",2012,53
"NGA",2013,55.6
"NGA",2014,54.2
"NGA",2015,52.5
"NGA",2016,59.3
"NGA",2017,54.4
"NGA",2018,56.5
"NGA",2019,55.4
"NGA",2020,55.4
"NGA",2021,59.5
"NIC",2000,73
"NIC",2001,72.2
"NIC",2002,74.1
"NIC",2003,74.6
"NIC",2004,75.2
"NIC",2005,73.8
"NIC",2006,76.3
"NIC",2007,76.9
"NIC",2008,77.5
"NIC",2009,77.9
"NIC",2010,80.1
"NIC",2011,81.2
"NIC",2012,81.3
"NIC",2013,81.9
"NIC",2014,81.9
"NIC",2015,83.2
"NIC",2016,83.9
"NIC",2017,84.6
"NIC",2018,85.2
"NIC",2019,85.7
"NIC",2020,86
"NIC",2021,86.3
"NLD",2000,100
"NLD",2001,100
"NLD",2002,100
"NLD",2003,100
"NLD",2004,100
"NLD",2005,100
"NLD",2006,100
"NLD",2007,100
"NLD",2008,100
"NLD",2009,100
"NLD",2010,100
"NLD",2011,100
"NLD",2012,100
"NLD",2013,100
"NLD",2014,100
"NLD",2015,100
"NLD",2016,100
"NLD",2017,100
"NLD",2018,100
"NLD",2019,100
"NLD",2020,100
"NLD",2021,100
"NOR",2000,100
"NOR",2001,100
"NOR",2002,100
"NOR",2003,100
"NOR",2004,100
"NOR",2005,100
"NOR",2006,100
"NOR",2007,100
"NOR",2008,100
"NOR",2009,100
"NOR",2010,100
"NOR",2011,100
"NOR",2012,100
"NOR",2013,100
"NOR",2014,100
"NOR",2015,100
"NOR",2016,100
"NOR",2017,100
"NOR",2018,100
"NOR",2019,100
"NOR",2020,100
"NOR",2021,100
"NPL",2000,29.9
"NPL",2001,24.6
"NPL",2002,36.4
"NPL",2003,39.6
"NPL",2004,37.2
"NPL",2005,46.1
"NPL",2006,51.2
"NPL",2007,52.6
"NPL",2008,56
"NPL",2009,59.3
"NPL",2010,68.6
"NPL",2011,67.3
"NPL",2012,75.2
"NPL",2013,77.4
"NPL",2014,84.9
"NPL",2015,82
"NPL",2016,90.7
"NPL",2017,86.6
"NPL",2018,93.9
"NPL",2019,89.9
"NPL",2020,89.9
"NPL",2021,89.9
"NRU",2000,99.1
"NRU",2001,99
"NRU",2002,99
"NRU",2003,99
"NRU",2004,99
"NRU",2005,99
"NRU",2006,99
"NRU",2007,99.8
"NRU",2008,99.1
"NRU",2009,99.1
"NRU",2010,99.2
"NRU",2011,99
"NRU",2012,99.4
"NRU",2013,99.4
"NRU",2014,99.5
"NRU",2015,99
"NRU",2016,99.7
"NRU",2017,99.8
"NRU",2018,99.9
"NRU",2019,100
"NRU",2020,100
"NRU",2021,100
"NZL",2000,100
"NZL",2001,100
"NZL",2002,100
"NZL",2003,100
"NZL",2004,100
"NZL",2005,100
"NZL",2006,100
"NZL",2007,100
"NZL",2008,100
"NZL",2009,100
"NZL",2010,100
"NZL",2011,100
"NZL",2012,100
"NZL",2013,100
"NZL",2014,100
"NZL",2015,100
"NZL",2016,100
"NZL",2017,100
"NZL",2018,100
"NZL",2019,100
"NZL",2020,100
"NZL",2021,100
"OMN",2000,100
"OMN",2001,100
"OMN",2002,100
"OMN",2003,100
"OMN",2004,100
"OMN",2005,99.9
"OMN",2006,99.9
"OMN",2007,100
"OMN",2008,100
"OMN",2009,100
"OMN",2010,100
"OMN",2011,100
"OMN",2012,100
"OMN",2013,100
"OMN",2014,100
"OMN",2015,100
"OMN",2016,100
"OMN",2017,100
"OMN",2018,100
"OMN",2019,100
"OMN",2020,100
"OMN",2021,100
"PAK",2000,72.8
"PAK",2001,73.9
"PAK",2002,74.9
"PAK",2003,76
"PAK",2004,77
"PAK",2005,78.1
"PAK",2006,79.1
"PAK",2007,80.2
"PAK",2008,81.4
"PAK",2009,82.5
"PAK",2010,87.1
"PAK",2011,87.8
"PAK",2012,88.6
"PAK",2013,89.3
"PAK",2014,90.1
"PAK",2015,91
"PAK",2016,91.8
"PAK",2017,92.7
"PAK",2018,93.4
"PAK",2019,93.9
"PAK",2020,94.5
"PAK",2021,94.9
"PAN",2000,81.4
"PAN",2001,81.5
"PAN",2002,82.1
"PAN",2003,87.8
"PAN",2004,83.4
"PAN",2005,84.1
"PAN",2006,84.8
"PAN",2007,85.5
"PAN",2008,86.3
"PAN",2009,87
"PAN",2010,86.8
"PAN",2011,88.6
"PAN",2012,89.3
"PAN",2013,89.1
"PAN",2014,90.8
"PAN",2015,91.6
"PAN",2016,92.4
"PAN",2017,93.7
"PAN",2018,93.8
"PAN",2019,93.9
"PAN",2020,95.3
"PAN",2021,95.3
"PER",2000,72.5
"PER",2001,72.1
"PER",2002,74.4
"PER",2003,74.4
"PER",2004,75.7
"PER",2005,77.2
"PER",2006,80.2
"PER",2007,82
"PER",2008,84.7
"PER",2009,86.4
"PER",2010,88.1
"PER",2011,89.7
"PER",2012,91.1
"PER",2013,92.1
"PER",2014,92.9
"PER",2015,93.9
"PER",2016,94.2
"PER",2017,94.8
"PER",2018,95.2
"PER",2019,95.6
"PER",2020,96.2
"PER",2021,95.6
"PHL",2000,74.7
"PHL",2001,75.7
"PHL",2002,76.7
"PHL",2003,76.6
"PHL",2004,87.6
"PHL",2005,79.8
"PHL",2006,80.2
"PHL",2007,82
"PHL",2008,83.3
"PHL",2009,84.3
"PHL",2010,85.5
"PHL",2011,87.2
"PHL",2012,87.1
"PHL",2013,87.5
"PHL",2014,89.8
"PHL",2015,89.1
"PHL",2016,92
"PHL",2017,93
"PHL",2018,94.2
"PHL",2019,95.3
"PHL",2020,96.4
"PHL",2021,97.5
"PLW",2000,97.9
"PLW",2001,98
"PLW",2002,98
"PLW",2003,98.1
"PLW",2004,98.1
"PLW",2005,98.9
"PLW",2006,98.3
"PLW",2007,98.4
"PLW",2008,98.5
"PLW",2009,98.6
"PLW",2010,98.8
"PLW",2011,98.9
"PLW",2012,97.6
"PLW",2013,99.2
"PLW",2014,99.8
"PLW",2015,99.5
"PLW",2016,100
"PLW",2017,100
"PLW",2018,100
"PLW",2019,100
"PLW",2020,100
"PLW",2021,100
"PNG",2000,12.4
"PNG",2001,12.7
"PNG",2002,13.1
"PNG",2003,13.4
"PNG",2004,13.8
"PNG",2005,14.1
"PNG",2006,12.4
"PNG",2007,14.9
"PNG",2008,15.3
"PNG",2009,17.2
"PNG",2010,19.5
"PNG",2011,17.3
"PNG",2012,17.5
"PNG",2013,17.8
"PNG",2014,18.1
"PNG",2015,18.4
"PNG",2016,13.5
"PNG",2017,19.2
"PNG",2018,16.6
"PNG",2019,23.6
"PNG",2020,20.5
"PNG",2021,20.9
"POL",2000,100
"POL",2001,100
"POL",2002,100
"POL",2003,99.9
"POL",2004,99.9
"POL",2005,99.8
"POL",2006,99.8
"POL",2007,99.8
"POL",2008,99.8
"POL",2009,100
"POL",2010,100
"POL",2011,100
"POL",2012,100
"POL",2013,100
"POL",2014,100
"POL",2015,100
"POL",2016,100
"POL",2017,100
"POL",2018,100
"POL",2019,100
"POL",2020,100
"POL",2021,100
"PRI",2000,100
"PRI",2001,100
"PRI",2002,100
"PRI",2003,100
"PRI",2004,100
"PRI",2005,100
"PRI",2006,100
"PRI",2007,100
"PRI",2008,100
"PRI",2009,100
"PRI",2010,100
"PRI",2011,100
"PRI",2012,100
"PRI",2013,100
"PRI",2014,100
"PRI",2015,100
"PRI",2016,100
"PRI",2017,100
"PRI",2018,100
"PRI",2019,100
"PRI",2020,100
"PRI",2021,100
"PRK",2009,26
"PRK",2010,29.3
"PRK",2011,31.4
"PRK",2012,33.6
"PRK",2013,35.7
"PRK",2014,37.8
"PRK",2015,40
"PRK",2016,42.1
"PRK",2017,44.2
"PRK",2018,46.3
"PRK",2019,48.4
"PRK",2020,50.5
"PRK",2021,52.6
"PRT",2000,100
"PRT",2001,100
"PRT",2002,100
"PRT",2003,100
"PRT",2004,100
"PRT",2005,100
"PRT",2006,100
"PRT",2007,100
"PRT",2008,100
"PRT",2009,100
"PRT",2010,100
"PRT",2011,100
"PRT",2012,100
"PRT",2013,100
"PRT",2014,100
"PRT",2015,100
"PRT",2016,100
"PRT",2017,100
"PRT",2018,100
"PRT",2019,100
"PRT",2020,100
"PRT",2021,100
"PRY",2000,89.6
"PRY",2001,91
"PRY",2002,91.7
"PRY",2003,92.6
"PRY",2004,93.2
"PRY",2005,94.7
"PRY",2006,96.7
"PRY",2007,96.5
"PRY",2008,96.7
"PRY",2009,96.9
"PRY",2010,97.4
"PRY",2011,98.2
"PRY",2012,97.8
"PRY",2013,99
"PRY",2014,99
"PRY",2015,99.3
"PRY",2016,98.4
"PRY",2017,99.3
"PRY",2018,99.6
"PRY",2019,99.7
"PRY",2020,99.7
"PRY",2021,100
"PSE",2000,99.7
"PSE",2001,99.1
"PSE",2002,99.2
"PSE",2003,99.1
"PSE",2004,99.5
"PSE",2005,99.6
"PSE",2006,99.7
"PSE",2007,98.8
"PSE",2008,99.8
"PSE",2009,99.9
"PSE",2010,99.9
"PSE",2011,99.7
"PSE",2012,99.8
"PSE",2013,99.9
"PSE",2014,99.9
"PSE",2015,99.9
"PSE",2016,100
"PSE",2017,99.9
"PSE",2018,100
"PSE",2019,100
"PSE",2020,100
"PSE",2021,100
"PYF",2000,100
"PYF",2001,100
"PYF",2002,100
"PYF",2003,100
"PYF",2004,100
"PYF",2005,100
"PYF",2006,100
"PYF",2007,100
"PYF",2008,100
"PYF",2009,100
"PYF",2010,100
"PYF",2011,100
"PYF",2012,100
"PYF",2013,100
"PYF",2014,100
"PYF",2015,100
"PYF",2016,100
"PYF",2017,100
"PYF",2018,100
"PYF",2019,100
"PYF",2020,100
"PYF",2021,100
"QAT",2000,100
"QAT",2001,100
"QAT",2002,100
"QAT",2003,100
"QAT",2004,100
"QAT",2005,100
"QAT",2006,100
"QAT",2007,100
"QAT",2008,100
"QAT",2009,100
"QAT",2010,100
"QAT",2011,100
"QAT",2012,100
"QAT",2013,100
"QAT",2014,100
"QAT",2015,100
"QAT",2016,100
"QAT",2017,100
"QAT",2018,100
"QAT",2019,100
"QAT",2020,100
"QAT",2021,100
"ROU",2000,94.4
"ROU",2001,94.6
"ROU",2002,94.9
"ROU",2003,95.1
"ROU",2004,95.3
"ROU",2005,95.6
"ROU",2006,95.9
"ROU",2007,96.1
"ROU",2008,96.5
"ROU",2009,96.8
"ROU",2010,97.1
"ROU",2011,97.4
"ROU",2012,97.8
"ROU",2013,98.1
"ROU",2014,98.4
"ROU",2015,98.8
"ROU",2016,99.1
"ROU",2017,100
"ROU",2018,99.8
"ROU",2019,100
"ROU",2020,100
"ROU",2021,100
"RUS",2000,97.8
"RUS",2001,97.9
"RUS",2002,97.9
"RUS",2003,97.9
"RUS",2004,98
"RUS",2005,98
"RUS",2006,98.1
"RUS",2007,98.2
"RUS",2008,98.3
"RUS",2009,98.4
"RUS",2010,99.3
"RUS",2011,99.2
"RUS",2012,100
"RUS",2013,100
"RUS",2014,100
"RUS",2015,95.5
"RUS",2016,99.4
"RUS",2017,100
"RUS",2018,100
"RUS",2019,99.8
"RUS",2020,99.9
"RUS",2021,100
"RWA",2000,6.2
"RWA",2001,4.7
"RWA",2002,6
"RWA",2003,7.4
"RWA",2004,8.7
"RWA",2005,4.8
"RWA",2006,11.4
"RWA",2007,12.8
"RWA",2008,6
"RWA",2009,15.6
"RWA",2010,9.7
"RWA",2011,10.8
"RWA",2012,17.5
"RWA",2013,15.2
"RWA",2014,19.8
"RWA",2015,22.8
"RWA",2016,29.4
"RWA",2017,34.1
"RWA",2018,38
"RWA",2019,46.6
"RWA",2020,45.2
"RWA",2021,48.7
"SAU",2000,100
"SAU",2001,100
"SAU",2002,100
"SAU",2003,100
"SAU",2004,100
"SAU",2005,100
"SAU",2006,100
"SAU",2007,100
"SAU",2008,100
"SAU",2009,100
"SAU",2010,100
"SAU",2011,100
"SAU",2012,100
"SAU",2013,100
"SAU",2014,100
"SAU",2015,100
"SAU",2016,99.9
"SAU",2017,100
"SAU",2018,99.9
"SAU",2019,100
"SAU",2020,100
"SAU",2021,100
"SDN",2000,23
"SDN",2001,29.4
"SDN",2002,29.7
"SDN",2003,29.9
"SDN",2004,30.2
"SDN",2005,30.5
"SDN",2006,30.8
"SDN",2007,31.1
"SDN",2008,20
"SDN",2009,29
"SDN",2010,36
"SDN",2011,38.3
"SDN",2012,40.7
"SDN",2013,43.1
"SDN",2014,44.9
"SDN",2015,48
"SDN",2016,50.5
"SDN",2017,53
"SDN",2018,55.3
"SDN",2019,57.6
"SDN",2020,59.7
"SDN",2021,61.8
"SEN",2000,37.7
"SEN",2001,38.9
"SEN",2002,36.8
"SEN",2003,41.9
"SEN",2004,36.8
"SEN",2005,47.1
"SEN",2006,49.9
"SEN",2007,48.1
"SEN",2008,49.7
"SEN",2009,53.5
"SEN",2010,56.5
"SEN",2011,56.5
"SEN",2012,56.5
"SEN",2013,57
"SEN",2014,61
"SEN",2015,60.5
"SEN",2016,64.5
"SEN",2017,61.7
"SEN",2018,66
"SEN",2019,70.4
"SEN",2020,64.3
"SEN",2021,68
"SGP",2000,100
"SGP",2001,100
"SGP",2002,100
"SGP",2003,100
"SGP",2004,100
"SGP",2005,100
"SGP",2006,100
"SGP",2007,100
"SGP",2008,100
"SGP",2009,100
"SGP",2010,100
"SGP",2011,100
"SGP",2012,100
"SGP",2013,100
"SGP",2014,100
"SGP",2015,100
"SGP",2016,100
"SGP",2017,100
"SGP",2018,100
"SGP",2019,100
"SGP",2020,100
"SGP",2021,100
"SLB",2000,4.7
"SLB",2001,7.6
"SLB",2002,10.5
"SLB",2003,13.4
"SLB",2004,16.3
"SLB",2005,19.2
"SLB",2006,14.4
"SLB",2007,12.9
"SLB",2008,28.1
"SLB",2009,21.2
"SLB",2010,35.4
"SLB",2011,39.1
"SLB",2012,42.9
"SLB",2013,44.7
"SLB",2014,50.5
"SLB",2015,55.1
"SLB",2016,58.2
"SLB",2017,62.9
"SLB",2018,65.8
"SLB",2019,69.4
"SLB",2020,72.9
"SLB",2021,76.3
"SLE",2000,7.7
"SLE",2001,8.5
"SLE",2002,9.2
"SLE",2003,9.9
"SLE",2004,16.8
"SLE",2005,11.3
"SLE",2006,12.2
"SLE",2007,13
"SLE",2008,12.1
"SLE",2009,14.6
"SLE",2010,11.5
"SLE",2011,14.2
"SLE",2012,17.2
"SLE",2013,13.5
"SLE",2014,18.8
"SLE",2015,19.7
"SLE",2016,20.3
"SLE",2017,23.4
"SLE",2018,26.1
"SLE",2019,22.7
"SLE",2020,26.3
"SLE",2021,27.5
"SLV",2000,84.5
"SLV",2001,87.1
"SLV",2002,87.5
"SLV",2003,87
"SLV",2004,87.4
"SLV",2005,87.5
"SLV",2006,89.2
"SLV",2007,91.1
"SLV",2008,91
"SLV",2009,91.1
"SLV",2010,91.6
"SLV",2011,92.6
"SLV",2012,93.7
"SLV",2013,95
"SLV",2014,95.1
"SLV",2015,95.4
"SLV",2016,96
"SLV",2017,96.8
"SLV",2018,97
"SLV",2019,97.4
"SLV",2020,99.7
"SLV",2021,97.9
"SMR",2000,100
"SMR",2001,100
"SMR",2002,100
"SMR",2003,100
"SMR",2004,100
"SMR",2005,100
"SMR",2006,100
"SMR",2007,100
"SMR",2008,100
"SMR",2009,100
"SMR",2010,100
"SMR",2011,100
"SMR",2012,100
"SMR",2013,100
"SMR",2014,100
"SMR",2015,100
"SMR",2016,100
"SMR",2017,100
"SMR",2018,100
"SMR",2019,100
"SMR",2020,100
"SMR",2021,100
"SOM",2000,2.1
"SOM",2001,4.7
"SOM",2002,7.4
"SOM",2003,9.8
"SOM",2004,12.4
"SOM",2005,15
"SOM",2006,15.2
"SOM",2007,20.2
"SOM",2008,22.9
"SOM",2009,25.5
"SOM",2010,52.3
"SOM",2011,52
"SOM",2012,51.8
"SOM",2013,51.5
"SOM",2014,51.4
"SOM",2015,51.2
"SOM",2016,51.1
"SOM",2017,52.1
"SOM",2018,50.7
"SOM",2019,49.2
"SOM",2020,49.9
"SOM",2021,49.3
"SRB",2000,99.9
"SRB",2001,99.8
"SRB",2002,100
"SRB",2003,99.7
"SRB",2004,99.6
"SRB",2005,99.7
"SRB",2006,99.6
"SRB",2007,99.6
"SRB",2008,99.6
"SRB",2009,99.6
"SRB",2010,99.7
"SRB",2011,99.7
"SRB",2012,99.8
"SRB",2013,99.9
"SRB",2014,99.7
"SRB",2015,99.9
"SRB",2016,99.9
"SRB",2017,100
"SRB",2018,100
"SRB",2019,99.8
"SRB",2020,100
"SRB",2021,100
"SSD",2007,0.8
"SSD",2008,1.3
"SSD",2009,3
"SSD",2010,1.5
"SSD",2011,2.8
"SSD",2012,3.3
"SSD",2013,3.8
"SSD",2014,4.3
"SSD",2015,4.8
"SSD",2016,5.3
"SSD",2017,4.2
"SSD",2018,6.3
"SSD",2019,6.8
"SSD",2020,7.3
"SSD",2021,7.7
"STP",2000,52.9
"STP",2001,51.5
"STP",2002,52.5
"STP",2003,53.6
"STP",2004,54.7
"STP",2005,55.8
"STP",2006,56.9
"STP",2007,58
"STP",2008,59.1
"STP",2009,56.9
"STP",2010,61.4
"STP",2011,62.6
"STP",2012,57.9
"STP",2013,65
"STP",2014,68.6
"STP",2015,67.3
"STP",2016,69.4
"STP",2017,74.3
"STP",2018,71
"STP",2019,75.1
"STP",2020,76.8
"STP",2021,78.5
"SUR",2000,95.4
"SUR",2001,95.3
"SUR",2002,95.2
"SUR",2003,95.1
"SUR",2004,95
"SUR",2005,94.9
"SUR",2006,91
"SUR",2007,94.7
"SUR",2008,94.7
"SUR",2009,94.6
"SUR",2010,91.2
"SUR",2011,94.6
"SUR",2012,94.6
"SUR",2013,94.6
"SUR",2014,94.6
"SUR",2015,95
"SUR",2016,95.8
"SUR",2017,96.6
"SUR",2018,97.4
"SUR",2019,97.9
"SUR",2020,98.4
"SUR",2021,98.8
"SVK",2000,100
"SVK",2001,100
"SVK",2002,100
"SVK",2003,100
"SVK",2004,100
"SVK",2005,99.9
"SVK",2006,99.9
"SVK",2007,100
"SVK",2008,100
"SVK",2009,100
"SVK",2010,100
"SVK",2011,100
"SVK",2012,100
"SVK",2013,100
"SVK",2014,100
"SVK",2015,100
"SVK",2016,100
"SVK",2017,100
"SVK",2018,100
"SVK",2019,100
"SVK",2020,100
"SVK",2021,100
"SVN",2000,100
"SVN",2001,100
"SVN",2002,100
"SVN",2003,100
"SVN",2004,100
"SVN",2005,100
"SVN",2006,100
"SVN",2007,100
"SVN",2008,100
"SVN",2009,100
"SVN",2010,100
"SVN",2011,100
"SVN",2012,100
"SVN",2013,100
"SVN",2014,100
"SVN",2015,100
"SVN",2016,100
"SVN",2017,100
"SVN",2018,100
"SVN",2019,100
"SVN",2020,100
"SVN",2021,100
"SWE",2000,100
"SWE",2001,100
"SWE",2002,100
"SWE",2003,100
"SWE",2004,100
"SWE",2005,100
"SWE",2006,100
"SWE",2007,100
"SWE",2008,100
"SWE",2009,100
"SWE",2010,100
"SWE",2011,100
"SWE",2012,100
"SWE",2013,100
"SWE",2014,100
"SWE",2015,100
"SWE",2016,100
"SWE",2017,100
"SWE",2018,100
"SWE",2019,100
"SWE",2020,100
"SWE",2021,100
"SWZ",2000,20.4
"SWZ",2001,26.9
"SWZ",2002,25.9
"SWZ",2003,28.7
"SWZ",2004,31.4
"SWZ",2005,34.2
"SWZ",2006,35.2
"SWZ",2007,39.8
"SWZ",2008,42.6
"SWZ",2009,38.6
"SWZ",2010,45.6
"SWZ",2011,51.2
"SWZ",2012,54.3
"SWZ",2013,57.5
"SWZ",2014,65
"SWZ",2015,64.1
"SWZ",2016,63.4
"SWZ",2017,73.5
"SWZ",2018,74
"SWZ",2019,77
"SWZ",2020,80
"SWZ",2021,82.9
"SXM",2000,100
"SXM",2001,99.9
"SXM",2002,99.9
"SXM",2003,99.8
"SXM",2004,99.8
"SXM",2005,99.7
"SXM",2006,99.7
"SXM",2007,99.7
"SXM",2008,99.7
"SXM",2009,99.7
"SXM",2010,100
"SXM",2011,100
"SXM",2012,100
"SXM",2013,100
"SXM",2014,100
"SXM",2015,100
"SXM",2016,100
"SXM",2017,100
"SXM",2018,100
"SXM",2019,100
"SXM",2020,100
"SXM",2021,100
"SYC",2000,94.1
"SYC",2001,94.4
"SYC",2002,96.1
"SYC",2003,94.9
"SYC",2004,95.2
"SYC",2005,95.5
"SYC",2006,99
"SYC",2007,96.1
"SYC",2008,96.5
"SYC",2009,96.8
"SYC",2010,97
"SYC",2011,98.1
"SYC",2012,98.3
"SYC",2013,98
"SYC",2014,100
"SYC",2015,100
"SYC",2016,100
"SYC",2017,100
"SYC",2018,100
"SYC",2019,100
"SYC",2020,100
"SYC",2021,100
"SYR",2000,93.4
"SYR",2001,93.1
"SYR",2002,86.6
"SYR",2003,92.6
"SYR",2004,92.3
"SYR",2005,92
"SYR",2006,99.5
"SYR",2007,91.5
"SYR",2008,91.3
"SYR",2009,91.1
"SYR",2010,92.7
"SYR",2011,91.5
"SYR",2012,90.7
"SYR",2013,90.4
"SYR",2014,90.2
"SYR",2015,90
"SYR",2016,89.8
"SYR",2017,89.6
"SYR",2018,86
"SYR",2019,89.2
"SYR",2020,89
"SYR",2021,88.8
"TCA",2000,95.6
"TCA",2001,94.9
"TCA",2002,95.2
"TCA",2003,95.4
"TCA",2004,95.7
"TCA",2005,96
"TCA",2006,96.2
"TCA",2007,96.6
"TCA",2008,96.9
"TCA",2009,100
"TCA",2010,100
"TCA",2011,100
"TCA",2012,93.1
"TCA",2013,100
"TCA",2014,100
"TCA",2015,100
"TCA",2016,100
"TCA",2017,100
"TCA",2018,100
"TCA",2019,100
"TCA",2020,99.4
"TCA",2021,100
"TCD",2000,3.1
"TCD",2001,3.4
"TCD",2002,3.8
"TCD",2003,4.1
"TCD",2004,3.5
"TCD",2005,4.8
"TCD",2006,5.1
"TCD",2007,5.5
"TCD",2008,5.9
"TCD",2009,6.3
"TCD",2010,6.4
"TCD",2011,9
"TCD",2012,7.8
"TCD",2013,8.1
"TCD",2014,8.4
"TCD",2015,7.7
"TCD",2016,9.2
"TCD",2017,10.9
"TCD",2018,10.1
"TCD",2019,8.4
"TCD",2020,10.9
"TCD",2021,11.3
"TGO",2000,17
"TGO",2001,19.6
"TGO",2002,21.3
"TGO",2003,23
"TGO",2004,24.8
"TGO",2005,26.5
"TGO",2006,27.9
"TGO",2007,30
"TGO",2008,31.8
"TGO",2009,33.7
"TGO",2010,30.8
"TGO",2011,39.7
"TGO",2012,39.1
"TGO",2013,41
"TGO",2014,45.7
"TGO",2015,44.7
"TGO",2016,46.8
"TGO",2017,48
"TGO",2018,50
"TGO",2019,52.5
"TGO",2020,54.1
"TGO",2021,55.7
"THA",2000,82.1
"THA",2001,90.4
"THA",2002,91
"THA",2003,91.6
"THA",2004,92.2
"THA",2005,92.8
"THA",2006,99.1
"THA",2007,94.1
"THA",2008,94.8
"THA",2009,99
"THA",2010,99.7
"THA",2011,99.3
"THA",2012,99.1
"THA",2013,99.4
"THA",2014,99.5
"THA",2015,99.6
"THA",2016,99.9
"THA",2017,99.9
"THA",2018,99.8
"THA",2019,99.9
"THA",2020,100
"THA",2021,100
"TJK",2000,98.5
"TJK",2001,98.6
"TJK",2002,99
"TJK",2003,100
"TJK",2004,98.5
"TJK",2005,99.3
"TJK",2006,98.6
"TJK",2007,98.6
"TJK",2008,98.6
"TJK",2009,99
"TJK",2010,98.8
"TJK",2011,98.9
"TJK",2012,99.1
"TJK",2013,99
"TJK",2014,99.1
"TJK",2015,98
"TJK",2016,99.3
"TJK",2017,99.3
"TJK",2018,99.3
"TJK",2019,99.4
"TJK",2020,99.5
"TJK",2021,99.6
"TKM",2000,99.6
"TKM",2001,99.6
"TKM",2002,99.6
"TKM",2003,99.6
"TKM",2004,99.5
"TKM",2005,99.5
"TKM",2006,99.8
"TKM",2007,99.6
"TKM",2008,99.6
"TKM",2009,99.7
"TKM",2010,100
"TKM",2011,99.8
"TKM",2012,99.9
"TKM",2013,99.9
"TKM",2014,100
"TKM",2015,100
"TKM",2016,100
"TKM",2017,100
"TKM",2018,100
"TKM",2019,99.9
"TKM",2020,100
"TKM",2021,100
"TLS",2000,17.8
"TLS",2001,25.6
"TLS",2002,24.1
"TLS",2003,27.7
"TLS",2004,30.4
"TLS",2005,33.5
"TLS",2006,36.7
"TLS",2007,36.6
"TLS",2008,43.1
"TLS",2009,46.3
"TLS",2010,38
"TLS",2011,52.7
"TLS",2012,56
"TLS",2013,59.2
"TLS",2014,62.4
"TLS",2015,67.3
"TLS",2016,76.5
"TLS",2017,79.5
"TLS",2018,85.2
"TLS",2019,90.6
"TLS",2020,96
"TLS",2021,100
"TON",2000,85.6
"TON",2001,86.3
"TON",2002,87
"TON",2003,87.6
"TON",2004,88.3
"TON",2005,89
"TON",2006,92.3
"TON",2007,90.5
"TON",2008,91.2
"TON",2009,92
"TON",2010,92.8
"TON",2011,92.2
"TON",2012,92.8
"TON",2013,95.1
"TON",2014,95.9
"TON",2015,100
"TON",2016,97
"TON",2017,98.2
"TON",2018,99
"TON",2019,98.4
"TON",2020,99.9
"TON",2021,100
"TTO",2000,91.3
"TTO",2001,96.3
"TTO",2002,96.5
"TTO",2003,96.7
"TTO",2004,96.8
"TTO",2005,95
"TTO",2006,100
"TTO",2007,100
"TTO",2008,100
"TTO",2009,99
"TTO",2010,100
"TTO",2011,97.5
"TTO",2012,100
"TTO",2013,100
"TTO",2014,100
"TTO",2015,100
"TTO",2016,100
"TTO",2017,100
"TTO",2018,100
"TTO",2019,100
"TTO",2020,100
"TTO",2021,100
"TUN",2000,94.8
"TUN",2001,97.3
"TUN",2002,97.8
"TUN",2003,98.4
"TUN",2004,99
"TUN",2005,99.2
"TUN",2006,99.4
"TUN",2007,99.4
"TUN",2008,99.4
"TUN",2009,99.5
"TUN",2010,99.5
"TUN",2011,99.5
"TUN",2012,99.5
"TUN",2013,99.7
"TUN",2014,99.8
"TUN",2015,99.9
"TUN",2016,100
"TUN",2017,100
"TUN",2018,99.8
"TUN",2019,100
"TUN",2020,99.9
"TUN",2021,99.9
"TUR",2000,99.9
"TUR",2001,99.9
"TUR",2002,99.8
"TUR",2003,99.8
"TUR",2004,99.7
"TUR",2005,99.7
"TUR",2006,99.7
"TUR",2007,99.7
"TUR",2008,99.7
"TUR",2009,99.7
"TUR",2010,100
"TUR",2011,100
"TUR",2012,100
"TUR",2013,100
"TUR",2014,100
"TUR",2015,100
"TUR",2016,100
"TUR",2017,100
"TUR",2018,100
"TUR",2019,100
"TUR",2020,100
"TUR",2021,100
"TUV",2000,94.6
"TUV",2001,94.8
"TUV",2002,94.6
"TUV",2003,95.1
"TUV",2004,95.3
"TUV",2005,95.5
"TUV",2006,95.7
"TUV",2007,96.7
"TUV",2008,96.2
"TUV",2009,96.5
"TUV",2010,96.7
"TUV",2011,97
"TUV",2012,97.7
"TUV",2013,97.6
"TUV",2014,97.9
"TUV",2015,98.1
"TUV",2016,97.3
"TUV",2017,98.7
"TUV",2018,99
"TUV",2019,99.7
"TUV",2020,99.4
"TUV",2021,99.7
"TZA",2000,8.7
"TZA",2001,9.7
"TZA",2002,10.7
"TZA",2003,11.1
"TZA",2004,11.4
"TZA",2005,13.8
"TZA",2006,14.9
"TZA",2007,15.9
"TZA",2008,11.5
"TZA",2009,11.2
"TZA",2010,14.8
"TZA",2011,14.2
"TZA",2012,15.3
"TZA",2013,16.4
"TZA",2014,23.5
"TZA",2015,26.2
"TZA",2016,32.8
"TZA",2017,32.1
"TZA",2018,34.9
"TZA",2019,37.7
"TZA",2020,39.9
"TZA",2021,42.7
"UGA",2000,7.4
"UGA",2001,8.6
"UGA",2002,7.8
"UGA",2003,10.5
"UGA",2004,11.6
"UGA",2005,8.9
"UGA",2006,9
"UGA",2007,14.8
"UGA",2008,15.9
"UGA",2009,10
"UGA",2010,12.1
"UGA",2011,14.6
"UGA",2012,20.5
"UGA",2013,13.9
"UGA",2014,20.4
"UGA",2015,18.5
"UGA",2016,26.7
"UGA",2017,32.4
"UGA",2018,41.9
"UGA",2019,41.3
"UGA",2020,42.1
"UGA",2021,45.2
"UKR",2000,99.1
"UKR",2001,99.2
"UKR",2002,99.3
"UKR",2003,99.3
"UKR",2004,99.4
"UKR",2005,99.9
"UKR",2006,99.5
"UKR",2007,99.8
"UKR",2008,99.8
"UKR",2009,99.9
"UKR",2010,100
"UKR",2011,100
"UKR",2012,99.9
"UKR",2013,100
"UKR",2014,100
"UKR",2015,100
"UKR",2016,100
"UKR",2017,100
"UKR",2018,100
"UKR",2019,100
"UKR",2020,100
"UKR",2021,100
"URY",2000,97.6
"URY",2001,97.7
"URY",2002,97.8
"URY",2003,97.9
"URY",2004,98
"URY",2005,98
"URY",2006,98.5
"URY",2007,98.7
"URY",2008,98.8
"URY",2009,99.1
"URY",2010,99.3
"URY",2011,99.2
"URY",2012,99.6
"URY",2013,99.6
"URY",2014,99.7
"URY",2015,99.7
"URY",2016,99.7
"URY",2017,99.8
"URY",2018,99.8
"URY",2019,99.9
"URY",2020,100
"URY",2021,100
"USA",2000,100
"USA",2001,100
"USA",2002,100
"USA",2003,100
"USA",2004,100
"USA",2005,100
"USA",2006,100
"USA",2007,100
"USA",2008,100
"USA",2009,100
"USA",2010,100
"USA",2011,100
"USA",2012,100
"USA",2013,100
"USA",2014,100
"USA",2015,100
"USA",2016,100
"USA",2017,100
"USA",2018,100
"USA",2019,100
"USA",2020,100
"USA",2021,100
"UZB",2000,99.6
"UZB",2001,99.6
"UZB",2002,99.7
"UZB",2003,99.5
"UZB",2004,99.5
"UZB",2005,99.4
"UZB",2006,99.5
"UZB",2007,99.5
"UZB",2008,99.5
"UZB",2009,99.5
"UZB",2010,99.6
"UZB",2011,99.7
"UZB",2012,99.7
"UZB",2013,99.8
"UZB",2014,99.8
"UZB",2015,99.9
"UZB",2016,99.9
"UZB",2017,100
"UZB",2018,100
"UZB",2019,100
"UZB",2020,100
"UZB",2021,99.9
"VCT",2000,80
"VCT",2001,82.4
"VCT",2002,82.4
"VCT",2003,83.7
"VCT",2004,84.9
"VCT",2005,86.2
"VCT",2006,87.5
"VCT",2007,88.8
"VCT",2008,90.1
"VCT",2009,91.4
"VCT",2010,92.7
"VCT",2011,94.1
"VCT",2012,95.4
"VCT",2013,96.8
"VCT",2014,98.1
"VCT",2015,99.4
"VCT",2016,99.7
"VCT",2017,100
"VCT",2018,100
"VCT",2019,100
"VCT",2020,100
"VCT",2021,100
"VEN",2000,98.9
"VEN",2001,99.9
"VEN",2002,99.8
"VEN",2003,95.7
"VEN",2004,99.1
"VEN",2005,98.8
"VEN",2006,99.3
"VEN",2007,98.9
"VEN",2008,98.9
"VEN",2009,99
"VEN",2010,99.1
"VEN",2011,98.8
"VEN",2012,99.3
"VEN",2013,99.4
"VEN",2014,100
"VEN",2015,100
"VEN",2016,99.4
"VEN",2017,99.2
"VEN",2018,99.9
"VEN",2019,99.8
"VEN",2020,99.9
"VEN",2021,100
"VGB",2000,97.1
"VGB",2001,97.2
"VGB",2002,97.3
"VGB",2003,97.4
"VGB",2004,97.5
"VGB",2005,97.6
"VGB",2006,97.8
"VGB",2007,97.9
"VGB",2008,98.1
"VGB",2009,98.3
"VGB",2010,98.3
"VGB",2011,98.7
"VGB",2012,98.9
"VGB",2013,99.1
"VGB",2014,99.2
"VGB",2015,100
"VGB",2016,100
"VGB",2017,100
"VGB",2018,100
"VGB",2019,100
"VGB",2020,100
"VGB",2021,100
"VIR",2000,100
"VIR",2001,100
"VIR",2002,100
"VIR",2003,100
"VIR",2004,100
"VIR",2005,100
"VIR",2006,100
"VIR",2007,100
"VIR",2008,100
"VIR",2009,100
"VIR",2010,100
"VIR",2011,100
"VIR",2012,100
"VIR",2013,100
"VIR",2014,100
"VIR",2015,100
"VIR",2016,100
"VIR",2017,100
"VIR",2018,100
"VIR",2019,100
"VIR",2020,100
"VIR",2021,100
"VNM",2000,88.2
"VNM",2001,88.9
"VNM",2002,89.1
"VNM",2003,90.3
"VNM",2004,91
"VNM",2005,96.1
"VNM",2006,96
"VNM",2007,93.1
"VNM",2008,93.8
"VNM",2009,96.1
"VNM",2010,97.4
"VNM",2011,99
"VNM",2012,97.9
"VNM",2013,98.5
"VNM",2014,99.2
"VNM",2015,99.3
"VNM",2016,99.2
"VNM",2017,100
"VNM",2018,100
"VNM",2019,99.4
"VNM",2020,99.8
"VNM",2021,100
"VUT",2000,22.2
"VUT",2001,24
"VUT",2002,25.7
"VUT",2003,27.5
"VUT",2004,29.2
"VUT",2005,31
"VUT",2006,26.4
"VUT",2007,33.6
"VUT",2008,36.5
"VUT",2009,33.3
"VUT",2010,44.1
"VUT",2011,42
"VUT",2012,43.9
"VUT",2013,31.7
"VUT",2014,49.1
"VUT",2015,52.3
"VUT",2016,57.8
"VUT",2017,62.8
"VUT",2018,61.6
"VUT",2019,64.5
"VUT",2020,67.3
"VUT",2021,70
"WSM",2000,88
"WSM",2001,88.7
"WSM",2002,89.3
"WSM",2003,89.9
"WSM",2004,90.5
"WSM",2005,91.1
"WSM",2006,96.4
"WSM",2007,92.5
"WSM",2008,98.1
"WSM",2009,97.9
"WSM",2010,96.4
"WSM",2011,96.7
"WSM",2012,96.8
"WSM",2013,97
"WSM",2014,97.9
"WSM",2015,98.2
"WSM",2016,98.9
"WSM",2017,96.8
"WSM",2018,99.8
"WSM",2019,99.2
"WSM",2020,100
"WSM",2021,98.3
"YEM",2000,49.2
"YEM",2001,50.4
"YEM",2002,51.5
"YEM",2003,52.6
"YEM",2004,49.6
"YEM",2005,54.8
"YEM",2006,55.8
"YEM",2007,57.2
"YEM",2008,58.4
"YEM",2009,59.6
"YEM",2010,60.8
"YEM",2011,62
"YEM",2012,52.4
"YEM",2013,75.6
"YEM",2014,66.1
"YEM",2015,67.4
"YEM",2016,68.9
"YEM",2017,79.2
"YEM",2018,62
"YEM",2019,72.8
"YEM",2020,73.9
"YEM",2021,74.9
"ZAF",2000,72.4
"ZAF",2001,70.2
"ZAF",2002,76.7
"ZAF",2003,78.8
"ZAF",2004,80.6
"ZAF",2005,80.8
"ZAF",2006,80.7
"ZAF",2007,82
"ZAF",2008,81.9
"ZAF",2009,82.6
"ZAF",2010,82.8
"ZAF",2011,83.6
"ZAF",2012,85.2
"ZAF",2013,85.2
"ZAF",2014,85.9
"ZAF",2015,85.3
"ZAF",2016,83.9
"ZAF",2017,84.4
"ZAF",2018,84.7
"ZAF",2019,85
"ZAF",2020,90
"ZAF",2021,89.3
"ZMB",2000,16.7
"ZMB",2001,20.2
"ZMB",2002,17.4
"ZMB",2003,18.5
"ZMB",2004,20.3
"ZMB",2005,23.3
"ZMB",2006,24.1
"ZMB",2007,18.5
"ZMB",2008,25.7
"ZMB",2009,26.6
"ZMB",2010,22
"ZMB",2011,28.3
"ZMB",2012,29.2
"ZMB",2013,30.1
"ZMB",2014,27.9
"ZMB",2015,31.1
"ZMB",2016,35.4
"ZMB",2017,40.3
"ZMB",2018,40.2
"ZMB",2019,43
"ZMB",2020,44.6
"ZMB",2021,46.7
"ZWE",2000,33.7
"ZWE",2001,34.2
"ZWE",2002,34.2
"ZWE",2003,35.1
"ZWE",2004,35.6
"ZWE",2005,36.1
"ZWE",2006,37.2
"ZWE",2007,37.2
"ZWE",2008,37.7
"ZWE",2009,43.4
"ZWE",2010,38.9
"ZWE",2011,36.9
"ZWE",2012,44
"ZWE",2013,40.6
"ZWE",2014,32.3
"ZWE",2015,33.7
"ZWE",2016,42.5
"ZWE",2017,44
"ZWE",2018,45.4
"ZWE",2019,46.7
"ZWE",2020,52.7
"ZWE",2021,49
"EAS",2000,92.1
"EAS",2001,92.6
"EAS",2002,93
"EAS",2003,93.2
"EAS",2004,94
"EAS",2005,93.6
"EAS",2006,94.7
"EAS",2007,94.7
"EAS",2008,95.2
"EAS",2009,95
"EAS",2010,95.6
"EAS",2011,96
"EAS",2012,96.3
"EAS",2013,96.5
"EAS",2014,96.7
"EAS",2015,97
"EAS",2016,97
"EAS",2017,97.7
"EAS",2018,97.7
"EAS",2019,97.9
"EAS",2020,97.8
"EAS",2021,98.2
"ECS",2000,99.1
"ECS",2001,99.2
"ECS",2002,99.2
"ECS",2003,99.2
"ECS",2004,99.2
"ECS",2005,99.3
"ECS",2006,99.3
"ECS",2007,99.4
"ECS",2008,99.4
"ECS",2009,99.5
"ECS",2010,99.7
"ECS",2011,99.7
"ECS",2012,99.8
"ECS",2013,99.8
"ECS",2014,99.9
"ECS",2015,99.2
"ECS",2016,99.8
"ECS",2017,100
"ECS",2018,100
"ECS",2019,100
"ECS",2020,100
"ECS",2021,100
"LCN",2000,91.7
"LCN",2001,92.3
"LCN",2002,92.6
"LCN",2003,92.7
"LCN",2004,93.2
"LCN",2005,93.5
"LCN",2006,94.3
"LCN",2007,94.5
"LCN",2008,95.2
"LCN",2009,95.4
"LCN",2010,95.9
"LCN",2011,96.2
"LCN",2012,96.6
"LCN",2013,96.9
"LCN",2014,97
"LCN",2015,97.3
"LCN",2016,97.5
"LCN",2017,97.7
"LCN",2018,97.8
"LCN",2019,98
"LCN",2020,98.2
"LCN",2021,98.3
"MEA",2000,92.4
"MEA",2001,92.6
"MEA",2002,92.5
"MEA",2003,93.4
"MEA",2004,93.2
"MEA",2005,93.9
"MEA",2006,95.8
"MEA",2007,94.2
"MEA",2008,94.8
"MEA",2009,94.9
"MEA",2010,95.9
"MEA",2011,95.9
"MEA",2012,95.4
"MEA",2013,97.1
"MEA",2014,96.5
"MEA",2015,96.5
"MEA",2016,96.8
"MEA",2017,97.6
"MEA",2018,96.1
"MEA",2019,97.1
"MEA",2020,97.2
"MEA",2021,97.3
"NAC",2000,100
"NAC",2001,100
"NAC",2002,100
"NAC",2003,100
"NAC",2004,100
"NAC",2005,100
"NAC",2006,100
"NAC",2007,100
"NAC",2008,100
"NAC",2009,100
"NAC",2010,100
"NAC",2011,100
"NAC",2012,100
"NAC",2013,100
"NAC",2014,100
"NAC",2015,100
"NAC",2016,100
"NAC",2017,100
"NAC",2018,100
"NAC",2019,100
"NAC",2020,100
"NAC",2021,100
"SAS",2000,57.9
"SAS",2001,59.5
"SAS",2002,60.6
"SAS",2003,63.3
"SAS",2004,62.7
"SAS",2005,66.7
"SAS",2006,66.9
"SAS",2007,70.1
"SAS",2008,72.5
"SAS",2009,73.7
"SAS",2010,75.1
"SAS",2011,78
"SAS",2012,79.5
"SAS",2013,81.7
"SAS",2014,83.9
"SAS",2015,86.8
"SAS",2016,88.9
"SAS",2017,91.7
"SAS",2018,94.6
"SAS",2019,95.3
"SAS",2020,96.2
"SAS",2021,98.8
"SSF",2000,25.7
"SSF",2001,26.1
"SSF",2002,27.3
"SSF",2003,29.5
"SSF",2004,29.3
"SSF",2005,29.3
"SSF",2006,31.1
"SSF",2007,32.5
"SSF",2008,32.3
"SSF",2009,32.5
"SSF",2010,33.2
"SSF",2011,35.8
"SSF",2012,36.7
"SSF",2013,37.9
"SSF",2014,38.3
"SSF",2015,39.1
"SSF",2016,43.7
"SSF",2017,43.7
"SSF",2018,46.3
"SSF",2019,47.1
"SSF",2020,48.5
"SSF",2021,50.6
"WLD",2000,78.4
"WLD",2001,78.8
"WLD",2002,79.2
"WLD",2003,80.1
"WLD",2004,80.1
"WLD",2005,80.8
"WLD",2006,81.5
"WLD",2007,82.1
"WLD",2008,82.8
"WLD",2009,83
"WLD",2010,83.6
"WLD",2011,84.6
"WLD",2012,85.1
"WLD",2013,85.8
"WLD",2014,86.3
"WLD",2015,87
"WLD",2016,88.2
"WLD",2017,89
"WLD",2018,89.9
"WLD",2019,90.2
"WLD",2020,90.5
"WLD",2021,91.4